Rodada,ID,Nome,Clube,Posição,Mandante_Visitante,Adversário,Pontuação,Status_ID,CA,DS,FC,FF,I,FS,SG,G,FD,PS,DE,GS,PC,V,FT,A,GC,CV,DP,PP
1,100084,Igor Gomes,CAM,Meia,mandante,PAL,0.0,0,0,0,0,0,0,0,0,0,0,0,0,0,0,0,0,0,0,0,0,0
1,100342,Léo Andrade,REM,Zagueiro,visitante,VIT,3.2,0,1,3,1,0,0,0,0,0,0,0,0,0,0,0,0,0,0,0,0,0
1,100652,Yuri Alberto,COR,Atacante,mandante,BAH,0.7,0,0,0,0,1,1,0,0,0,0,0,0,0,0,0,0,0,0,0,0,0
1,100742,Matheus Henrique,CRU,Meia,visitante,BOT,1.5,0,0,1,0,0,0,0,0,0,0,0,0,0,0,0,0,0,0,0,0,0
1,100842,Ruan,CAM,Zagueiro,mandante,PAL,-1.3,0,1,0,1,0,0,0,0,0,0,0,0,0,0,0,0,0,0,0,0,0
1,100898,Vitinho,BOT,Lateral,mandante,CRU,7.7,0,0,1,1,0,0,3,1,0,0,0,0,0,0,0,0,0,0,0,0,0
1,100987,Nonato,FLU,Meia,mandante,GRE,6.4,0,1,0,2,0,0,0,0,1,0,0,0,0,0,0,0,0,0,0,0,0
1,101254,Alef Manga,REM,Atacante,visitante,VIT,0.9,0,0,0,1,1,1,1,0,0,0,0,0,0,0,0,0,0,0,0,0,0
1,101314,Ademir,BAH,Atacante,visitante,COR,5.2,0,0,1,0,0,0,3,0,0,1,1,0,0,0,0,0,0,0,0,0,0
1,101393,Eduardo Doma,CHA,Zagueiro,mandante,SAN,3.0,0,0,2,0,0,0,0,0,0,0,0,0,0,0,0,0,0,0,0,0,0
1,101405,Wallisson,CFC,Meia,mandante,RBB,4.2,0,0,3,1,0,0,0,0,0,0,0,0,0,0,0,0,0,0,0,0,0
1,101574,Hugo Souza,COR,Goleiro,mandante,BAH,2.2,0,0,0,0,0,0,0,0,0,0,0,4,2,1,0,0,0,0,0,0,0
1,101597,Ramon,VIT,Lateral,mandante,REM,4.7,0,1,0,1,0,0,2,1,0,0,0,0,0,0,0,0,0,0,0,0,0
1,101727,Matheuzinho,COR,Lateral,mandante,BAH,4.8,0,1,4,3,1,1,0,0,0,0,0,0,0,0,0,0,0,0,0,0,0
1,101908,Willian Machado,MIR,Zagueiro,mandante,VAS,0.0,0,1,0,1,1,0,1,0,0,0,0,0,0,0,0,0,0,0,0,0,0
1,101960,Vitinho,INT,Atacante,mandante,CAP,1.9,0,0,0,1,1,1,3,0,0,0,0,0,0,0,0,0,0,0,0,0,0
1,102130,Piquerez,PAL,Lateral,visitante,CAM,5.3,0,0,2,0,1,0,3,0,0,0,0,0,0,0,0,0,0,0,0,0,0
1,102256,Rollheiser,SAN,Meia,visitante,CHA,2.5,0,0,0,0,1,0,1,0,0,1,0,0,0,0,0,0,0,0,0,0,0
1,102667,Nathan Fogaça,MIR,Atacante,mandante,VAS,-0.9,0,1,0,2,1,1,0,0,0,0,0,0,0,0,0,0,0,0,0,0,0
1,102796,Julimar,CAP,Atacante,visitante,INT,0.8,0,0,0,0,1,0,0,0,0,0,0,0,0,0,0,0,0,0,0,0,0
1,102911,Zé Ricardo,REM,Meia,visitante,VIT,0.1,0,1,1,3,0,0,1,0,0,0,0,0,0,0,0,0,0,0,0,0,0
1,102928,Canobbio,FLU,Atacante,mandante,GRE,5.7,0,0,2,1,1,0,2,0,0,1,0,0,0,0,0,0,0,0,0,0,0
1,103056,Gabriel Brazão,SAN,Goleiro,visitante,CHA,-6.0,0,1,0,0,0,0,0,0,0,0,0,0,4,1,0,0,0,0,0,0,0
1,103445,Kaio Jorge,CRU,Atacante,visitante,BOT,2.2,0,0,0,0,3,2,0,0,0,0,0,0,0,0,0,0,0,0,0,0,0
1,103767,Gabriel Menino,SAN,Meia,visitante,CHA,16.7,0,1,2,0,3,1,4,0,1,2,0,0,0,0,0,0,0,0,0,0,0
1,103912,Hernán Crespo,SAO,Técnico,mandante,FLA,7.59,0,0,0,0,0,0,0,0,0,0,0,0,0,0,1,0,0,0,0,0,0
1,103987,Higor Meritão,CHA,Meia,mandante,SAN,13.4,0,0,4,2,0,0,0,0,1,0,0,0,0,0,0,0,0,0,0,0,0
1,104027,Rafael Guanaes,MIR,Técnico,mandante,VAS,4.8,0,0,0,0,0,0,0,0,0,0,0,0,0,0,1,0,0,0,0,0,0
1,104075,Sabino,SAO,Zagueiro,mandante,FLA,5.2,0,0,3,1,0,0,2,0,0,0,0,0,0,0,0,0,0,0,0,0,0
1,104084,Carlos Miguel,PAL,Goleiro,visitante,CAM,-0.7,0,0,0,0,0,0,0,0,0,0,0,1,2,0,0,0,0,0,0,0,0
1,104134,Fabri,VIT,Atacante,mandante,REM,5.4,0,0,1,1,0,0,0,0,0,1,0,0,0,0,0,1,0,0,0,0,0
1,104257,João Lucas,REM,Lateral,visitante,VIT,2.2,0,0,0,1,1,0,1,0,0,1,0,0,0,0,0,0,0,0,0,0,0
1,104330,Dudu,VIT,Meia,mandante,REM,-0.3,0,0,0,1,0,0,0,0,0,0,0,0,0,0,0,0,0,0,0,0,0
1,104470,Everton,CHA,Lateral,mandante,SAN,2.7,0,0,2,1,0,0,0,0,0,0,0,0,0,0,0,0,0,0,0,0,0
1,104502,Christian,CRU,Meia,visitante,BOT,1.2,0,0,1,1,0,0,0,0,0,0,0,0,0,0,0,0,0,0,0,0,0
1,104519,Camilo,CHA,Meia,mandante,SAN,4.4,0,1,4,2,0,0,0,0,0,0,0,0,0,0,0,0,0,0,0,0,0
1,104693,Newton,BOT,Meia,mandante,CRU,2.0,0,0,1,0,0,0,1,0,0,0,0,0,0,0,0,0,0,0,0,0,0
1,104754,Juan Vojvoda,SAN,Técnico,visitante,CHA,5.21,0,0,0,0,0,0,0,0,0,0,0,0,0,0,0,0,0,0,0,0,0
1,104758,Enzo Díaz,SAO,Lateral,mandante,FLA,9.2,0,0,3,1,0,0,0,0,0,0,0,0,0,0,0,0,1,0,0,0,0
1,104783,Acevedo,BAH,Meia,visitante,COR,1.9,0,1,2,2,0,0,1,0,0,0,0,0,0,0,0,0,0,0,0,0,0
1,104811,Sebastián Gómez,CFC,Meia,mandante,RBB,2.0,0,0,0,0,0,0,4,0,0,0,0,0,0,0,0,0,0,0,0,0,0
1,104994,Wagner Leonardo,GRE,Zagueiro,visitante,FLU,3.9,0,0,3,2,0,0,0,0,0,0,0,0,0,0,0,0,0,0,0,0,0
1,105047,João Marcelo,CRU,Zagueiro,visitante,BOT,-0.3,0,0,0,1,0,0,0,0,0,0,0,0,0,0,0,0,0,0,0,0,0
1,105068,Reinier,CAM,Meia,mandante,PAL,1.7,0,0,0,0,0,0,1,0,0,1,0,0,0,0,0,0,0,0,0,0,0
1,105089,Tetê,GRE,Atacante,visitante,FLU,3.3,0,0,1,0,1,0,2,0,0,0,0,0,0,0,0,0,0,0,0,0,0
1,105114,Alexis Duarte,SAN,Zagueiro,visitante,CHA,-1.3,0,1,0,1,0,0,0,0,0,0,0,0,0,0,0,0,0,0,0,0,0
1,105157,Villagra,INT,Meia,mandante,CAP,0.0,0,0,0,0,0,0,0,0,0,0,0,0,0,0,0,0,0,0,0,0,0
1,105175,Khellven,PAL,Lateral,visitante,CAM,0.2,0,0,2,1,0,0,1,0,0,0,0,0,0,0,0,0,0,1,0,0,0
1,105213,Sant Anna,RBB,Lateral,visitante,CFC,6.2,0,0,0,0,0,0,0,1,0,1,0,0,0,0,0,0,0,0,0,0,0
1,105214,Santiago Rodríguez,BOT,Meia,mandante,CRU,5.7,0,0,3,1,0,0,3,0,0,0,0,0,0,0,0,0,0,0,0,0,0
1,105436,Carrascal,FLA,Meia,visitante,SAO,3.2,0,0,0,1,1,0,3,0,0,1,0,0,0,0,0,0,0,0,0,0,0
1,105531,Matheus Bidu,COR,Lateral,mandante,BAH,5.1,0,0,2,0,0,1,2,0,0,1,0,0,0,0,0,0,0,0,0,0,0
1,105563,Carlos Vinícius,GRE,Atacante,visitante,FLU,12.0,0,0,2,1,1,0,1,0,1,0,0,0,0,0,0,0,0,0,0,0,0
1,105584,Lucas Piton,VAS,Lateral,visitante,MIR,-0.3,0,0,0,1,0,0,0,0,0,0,0,0,0,0,0,0,0,0,0,0,0
1,105647,Maurício,PAL,Meia,visitante,CAM,-0.8,0,1,0,3,0,1,0,0,0,1,0,0,0,0,0,0,0,0,0,0,0
1,105664,Walter Clar,CHA,Lateral,mandante,SAN,9.5,0,0,1,0,0,0,0,0,1,0,0,0,0,0,0,0,0,0,0,0,0
1,105903,Aldo Filho,MIR,Meia,mandante,VAS,-0.6,0,0,0,2,0,0,0,0,0,0,0,0,0,0,0,0,0,0,0,0,0
1,105949,Rochet,INT,Goleiro,mandante,CAP,1.8,0,0,1,0,0,0,0,0,0,0,0,1,1,0,0,0,0,0,0,0,0
1,105990,Santiago Mingo,BAH,Zagueiro,visitante,COR,0.5,0,0,0,0,0,0,1,0,0,0,0,0,0,0,0,0,0,0,0,0,0
1,106104,Enamorado,GRE,Atacante,visitante,FLU,1.2,0,0,0,0,0,0,0,0,0,1,0,0,0,0,0,0,0,0,0,0,0
1,106202,Bruno Gomes,INT,Meia,mandante,CAP,5.1,0,0,2,0,2,0,1,0,0,0,0,0,0,0,0,0,0,0,0,0,0
1,106294,Marcos Antônio,SAO,Meia,mandante,FLA,7.5,0,0,5,0,0,0,0,0,0,0,0,0,0,0,0,0,0,0,0,0,0
1,106708,Igor Formiga,MIR,Lateral,mandante,VAS,4.0,0,0,2,1,1,0,1,0,0,0,0,0,0,0,0,0,0,0,0,0,0
1,106822,Rodrigo Nestor,BAH,Meia,visitante,COR,0.0,0,0,0,0,0,0,0,0,0,0,0,0,0,0,0,0,0,0,0,0,0
1,107093,Luciano Juba,BAH,Lateral,visitante,COR,6.2,0,0,3,0,0,0,1,0,0,1,0,0,0,0,0,0,0,0,0,0,0
1,107172,Patrick de Paula,REM,Meia,visitante,VIT,1.8,0,1,1,1,2,0,0,0,0,0,0,0,0,0,0,0,0,0,0,0,0
1,107173,Michel Araújo,BAH,Meia,visitante,COR,-3.1,0,0,0,2,0,0,1,0,0,0,0,0,0,0,0,0,0,0,1,0,0
1,107174,Bruno Tabata,INT,Meia,mandante,CAP,0.5,0,0,0,1,1,0,0,0,0,0,0,0,0,0,0,0,0,0,0,0,0
1,107231,Danilo,BOT,Meia,mandante,CRU,17.2,0,0,1,1,0,0,0,0,2,0,0,0,0,0,0,0,0,0,0,0,0
1,107453,João Paulo,CHA,Zagueiro,mandante,SAN,7.0,0,0,1,0,0,0,1,0,0,0,0,0,0,0,0,0,1,0,0,0,0
1,107700,Eduardo Melo,REM,Atacante,visitante,VIT,1.4,0,0,1,0,0,1,0,0,0,0,0,0,0,0,0,0,0,0,0,0,0
1,107873,Bobadilla,SAO,Meia,mandante,FLA,6.2,0,0,4,3,0,1,0,0,0,1,0,0,0,0,0,0,0,0,0,0,0
1,107985,Terán,CAP,Zagueiro,visitante,INT,7.7,0,0,2,1,0,0,0,1,0,0,0,0,0,0,0,0,0,0,0,0,0
1,107989,Carbonero,INT,Atacante,mandante,CAP,0.5,0,0,0,0,0,0,1,0,0,0,0,0,0,0,0,0,0,0,0,0,0
1,108474,Santi Moreno,FLU,Atacante,mandante,GRE,-0.3,0,0,0,1,0,0,0,0,0,0,0,0,0,0,0,0,0,0,0,0,0
1,108588,Tapia,SAO,Atacante,mandante,FLA,1.5,0,0,1,0,0,0,0,0,0,0,0,0,0,0,0,0,0,0,0,0,0
1,108713,Galeano,MIR,Atacante,mandante,VAS,1.2,0,0,0,0,0,0,0,0,0,1,0,0,0,0,0,0,0,0,0,0,0
1,109096,Plata,FLA,Atacante,visitante,SAO,10.6,0,0,0,1,0,0,1,0,1,2,0,0,0,0,0,0,0,0,0,0,0
1,109127,Tiago Cóser,CFC,Zagueiro,mandante,RBB,1.5,0,0,1,0,0,0,0,0,0,0,0,0,0,0,0,0,0,0,0,0,0
1,109336,Rafael Carvalheira,CHA,Meia,mandante,SAN,9.2,0,0,1,1,0,0,0,0,1,0,0,0,0,0,0,0,0,0,0,0,0
1,109401,Erick Pulga,BAH,Atacante,visitante,COR,3.4,0,1,1,2,1,0,3,0,0,1,0,0,0,0,0,0,0,0,0,0,0
1,109573,Martinelli,FLU,Meia,mandante,GRE,1.7,0,0,0,1,1,0,0,0,0,1,0,0,0,0,0,0,0,0,0,0,0
1,110426,Bernabéi,INT,Lateral,mandante,CAP,1.0,0,1,1,2,0,1,0,0,0,1,0,0,0,0,0,0,0,0,0,0,0
1,110506,Abel Ferreira,PAL,Técnico,visitante,CAM,3.66,0,0,0,0,0,0,0,0,0,0,0,0,0,0,0,0,0,0,0,0,0
1,110510,Aguirre,INT,Lateral,mandante,CAP,2.7,0,0,2,1,0,0,0,0,0,0,0,0,0,0,0,0,0,0,0,0,0
1,110715,Andrés Hurtado,RBB,Lateral,visitante,CFC,4.2,0,1,0,1,0,0,1,1,0,0,0,0,0,0,0,0,0,0,0,0,0
1,110750,Gustavo Marques,RBB,Zagueiro,visitante,CFC,9.7,0,0,3,1,0,0,1,1,0,0,0,0,0,0,0,0,0,0,0,0,0
1,110759,John Kennedy,FLU,Atacante,mandante,GRE,1.6,0,0,0,2,0,0,2,0,0,1,0,0,0,0,0,0,0,0,0,0,0
1,111246,Alix Vinicius,RBB,Zagueiro,visitante,CFC,3.4,0,1,0,2,0,0,0,1,0,0,0,0,0,0,0,0,0,0,0,0,0
1,111309,Gustavo Martins,GRE,Zagueiro,visitante,FLU,10.2,0,0,3,2,1,0,1,0,0,0,0,0,0,0,0,0,1,0,0,0,0
1,111466,Victor Gabriel,INT,Zagueiro,mandante,CAP,3.0,0,0,2,0,0,0,0,0,0,0,0,0,0,0,0,0,0,0,0,0,0
1,111831,Matheus Martins,BOT,Atacante,mandante,CRU,10.0,0,0,1,0,0,0,1,0,1,0,0,0,0,0,0,0,0,0,0,0,0
1,111879,Mateus Silva,VIT,Lateral,mandante,REM,9.7,0,0,2,2,1,0,3,1,0,0,0,0,0,0,0,0,0,0,0,0,0
1,112576,Vini Paulista,CFC,Meia,mandante,RBB,0.0,0,0,0,0,0,0,0,0,0,0,0,0,0,0,0,0,0,0,0,0,0
1,112709,Kaiki Bruno,CRU,Lateral,visitante,BOT,2.2,0,0,0,1,1,0,1,0,0,1,0,0,0,0,0,0,0,0,0,0,0
1,112863,Ramón Sosa,PAL,Atacante,visitante,CAM,1.7,0,0,0,0,0,0,1,0,0,1,0,0,0,0,0,0,0,0,0,0,0
1,112886,Lucas Barbosa,RBB,Atacante,visitante,CFC,4.0,0,0,1,3,1,1,3,0,0,1,0,0,0,0,0,0,0,0,0,0,0
1,113034,Freytes,FLU,Zagueiro,mandante,GRE,1.2,0,0,1,1,0,0,0,0,0,0,0,0,0,0,0,0,0,0,0,0,0
1,113103,Flaco López,PAL,Atacante,visitante,CAM,16.1,0,0,4,3,1,0,2,0,1,1,0,0,0,0,0,0,0,0,0,0,0
1,113113,Benavídez,CAP,Lateral,visitante,INT,9.2,0,0,2,0,1,1,1,1,0,0,0,0,0,0,0,0,0,0,0,0,0
1,113359,Pablo Maia,SAO,Meia,mandante,FLA,0.0,0,0,0,0,0,0,0,0,0,0,0,0,0,0,0,0,0,0,0,0,0
1,113397,Cristian Olivera,BAH,Atacante,visitante,COR,2.9,0,0,1,1,0,0,1,0,0,1,0,0,0,0,0,0,0,0,0,0,0
1,114802,Vitor Roque,PAL,Atacante,visitante,CAM,7.6,0,1,0,2,0,0,0,0,1,1,0,0,0,0,0,0,0,0,0,0,0
1,115025,Miguelito,SAN,Meia,visitante,CHA,3.6,0,0,1,0,2,0,1,0,0,0,0,0,0,0,0,0,0,0,0,0,0
1,115100,Matheus França,VAS,Meia,visitante,MIR,0.8,0,0,0,0,1,0,0,0,0,0,0,0,0,0,0,0,0,0,0,0,0
1,115479,Paulo Pezzolano,INT,Técnico,mandante,CAP,2.26,0,0,0,0,0,0,0,0,0,0,0,0,0,0,0,0,0,0,0,0,0
1,115914,Evertton Araújo,FLA,Meia,visitante,SAO,2.1,0,0,0,0,2,0,1,0,0,0,0,0,0,0,0,0,0,0,0,0,0
1,116034,Victor Hugo,CAM,Meia,mandante,PAL,9.5,0,0,1,0,0,0,0,0,1,0,0,0,0,0,0,0,0,0,0,0,0
1,116461,Jamerson,VIT,Lateral,mandante,REM,6.5,0,0,1,0,0,0,0,1,0,0,0,0,0,0,0,0,0,0,0,0,0
1,116706,Andrés Gómez,VAS,Atacante,visitante,MIR,6.0,0,0,2,2,1,1,1,0,0,2,0,0,0,0,0,0,0,0,0,0,0
1,117330,Robert Renan,VAS,Zagueiro,visitante,MIR,1.9,0,0,1,2,0,0,2,0,0,0,0,0,0,0,0,0,0,0,0,0,0
1,117403,Renato Marques,MIR,Atacante,mandante,VAS,2.1,0,0,0,3,1,0,2,0,0,1,0,0,0,0,0,0,0,0,0,0,0
1,117632,Garro,COR,Meia,mandante,BAH,10.0,0,0,1,0,1,0,3,0,0,1,0,0,0,0,0,0,1,0,0,0,0
1,117910,Breno Bidon,COR,Meia,mandante,BAH,14.7,0,1,2,1,0,0,4,0,1,0,0,0,0,0,0,1,0,0,0,0,0
1,117930,Lavega,CFC,Atacante,mandante,RBB,1.5,0,0,0,1,1,0,2,0,0,0,0,0,0,0,0,0,0,0,0,0,0
1,117965,Martín Anselmi,BOT,Técnico,mandante,CRU,11.04,0,0,0,0,0,0,0,0,0,0,0,0,0,0,1,0,0,0,0,0,0
1,118774,Alexsander,CAM,Meia,mandante,PAL,1.7,0,1,1,1,0,0,3,0,0,0,0,0,0,0,0,0,0,0,0,0,0
1,118775,Lautaro Díaz,SAN,Atacante,visitante,CHA,5.8,0,0,1,1,2,0,0,0,0,0,0,0,0,0,0,1,0,0,0,0,0
1,120433,Léo Derik,CAP,Lateral,visitante,INT,10.0,0,0,3,0,0,0,1,1,0,0,0,0,0,0,0,0,0,0,0,0,0
1,121792,André,GRE,Atacante,visitante,FLU,-1.0,0,1,0,0,0,0,0,0,0,0,0,0,0,0,0,0,0,0,0,0,0
1,122394,Gustavinho,RBB,Meia,visitante,CFC,7.5,0,0,2,3,1,0,2,0,0,3,0,0,0,0,0,0,0,0,0,0,0
1,122441,Kayky Almeida,REM,Zagueiro,visitante,VIT,0.6,0,0,1,3,0,0,0,0,0,0,0,0,0,0,0,0,0,0,0,0,0
1,122485,Barros,VAS,Meia,visitante,MIR,9.0,0,0,4,0,0,0,6,0,0,0,0,0,0,0,0,0,0,0,0,0,0
1,122487,GB,VAS,Atacante,visitante,MIR,0.0,0,0,0,0,0,0,0,0,0,0,0,0,0,0,0,0,0,0,0,0,0
1,122781,Caballero,SAN,Atacante,visitante,CHA,1.6,0,0,0,0,2,0,0,0,0,0,0,0,0,0,0,0,0,0,0,0,0
1,123625,Ítalo,CHA,Atacante,mandante,SAN,2.9,0,0,1,0,0,1,1,0,0,0,1,0,0,0,0,0,0,0,0,0,0
1,123648,Lucas Ronier,CFC,Atacante,mandante,RBB,5.0,0,0,3,0,0,0,1,0,0,0,0,0,0,0,0,0,0,0,0,0,0
1,123869,Aguirre,CAP,Zagueiro,visitante,INT,6.7,0,0,1,1,0,0,1,1,0,0,0,0,0,0,0,0,0,0,0,0,0
1,124239,Henry Mosquera,RBB,Atacante,visitante,CFC,2.9,0,0,0,1,1,0,0,0,0,2,0,0,0,0,0,0,0,0,0,0,0
1,124481,Mateo Ponte,BOT,Lateral,mandante,CRU,6.2,0,0,1,1,0,0,0,1,0,0,0,0,0,0,0,0,0,0,0,0,0
1,124526,Giay,PAL,Lateral,visitante,CAM,0.5,0,0,0,0,0,0,1,0,0,0,0,0,0,0,0,0,0,0,0,0,0
1,124757,Nathan Fernandes,BOT,Atacante,mandante,CRU,5.5,0,0,0,0,0,0,1,0,0,0,0,0,0,0,0,0,1,0,0,0,0
1,124912,Jonathan Jesus,CRU,Zagueiro,visitante,BOT,0.0,0,0,0,0,0,0,0,0,0,0,0,0,0,0,0,0,0,0,0,0,0
1,125746,Dudu,CAP,Meia,visitante,INT,0.0,0,0,0,0,0,0,0,0,0,0,0,0,0,0,0,0,0,0,0,0,0
1,125803,Pedro Morisco,CFC,Goleiro,mandante,RBB,11.7,0,0,0,0,0,0,2,0,0,0,0,9,1,0,0,0,0,0,0,0,0
1,125926,Zapelli,CAP,Meia,visitante,INT,2.5,0,0,1,0,0,0,2,0,0,0,0,0,0,0,0,0,0,0,0,0,0
1,126120,Marcelinho,RBB,Meia,visitante,CFC,6.3,0,0,0,1,2,0,0,0,0,0,0,0,0,0,0,0,1,0,0,0,0
1,126182,Paulinho,INT,Meia,mandante,CAP,0.2,0,1,1,1,0,0,0,0,0,0,0,0,0,0,0,0,0,0,0,0,0
1,126471,Barreal,SAN,Meia,visitante,CHA,12.6,0,0,2,0,2,0,0,0,1,0,0,0,0,0,0,0,0,0,0,0,0
1,126977,Fernando Seabra,CFC,Técnico,mandante,RBB,4.32,0,0,0,0,0,0,0,0,0,0,0,0,0,0,0,0,0,0,0,0,0
1,128433,Johan Rojas,VAS,Meia,visitante,MIR,1.7,0,0,0,1,1,0,0,0,0,1,0,0,0,0,0,0,0,0,0,0,0
1,130414,Robert,CHA,Meia,mandante,SAN,3.0,0,0,2,0,0,0,0,0,0,0,0,0,0,0,0,0,0,0,0,0,0
1,130608,Riquelme Fillipi,PAL,Atacante,visitante,CAM,-0.3,0,0,0,1,0,0,0,0,0,0,0,0,0,0,0,0,0,0,0,0,0
1,130612,Luighi,PAL,Atacante,visitante,CAM,0.0,0,0,0,0,0,0,0,0,0,0,0,0,0,0,0,0,0,0,0,0,0
1,130650,Bernal,FLU,Meia,mandante,GRE,-0.3,0,0,0,1,0,0,0,0,0,0,0,0,0,0,0,0,0,0,0,0,0
1,130843,Arthur Dias,CAP,Zagueiro,visitante,INT,8.0,0,0,2,0,0,0,0,1,0,0,0,0,0,0,0,0,0,0,0,0,0
1,130906,Riquelme,CAP,Meia,visitante,INT,-0.3,0,0,0,1,0,0,0,0,0,0,0,0,0,0,0,0,0,0,0,0,0
1,131832,Portilla,CAP,Meia,visitante,INT,-1.4,0,1,0,3,0,0,1,0,0,0,0,0,0,0,0,0,0,0,0,0,0
1,132071,Serna,FLU,Atacante,mandante,GRE,0.5,0,0,0,1,1,0,0,0,0,0,0,0,0,0,0,0,0,0,0,0,0
1,132264,Arroyo,CRU,Atacante,visitante,BOT,1.7,0,0,0,0,0,0,1,0,0,1,0,0,0,0,0,0,0,0,0,0,0
1,132274,Ignacio Sosa,RBB,Meia,visitante,CFC,0.4,0,1,1,2,0,0,1,0,0,0,0,0,0,0,0,0,0,0,0,0,0
1,132553,Jemmes,FLU,Zagueiro,mandante,GRE,5.5,0,0,3,0,0,0,2,0,0,0,0,0,0,0,0,0,0,0,0,0,0
1,132580,Vinicinho,RBB,Atacante,visitante,CFC,0.0,0,0,0,0,0,0,0,0,0,0,0,0,0,0,0,0,0,0,0,0,0
1,133543,Gui Negão,COR,Atacante,mandante,BAH,0.0,0,0,0,0,0,0,0,0,0,0,0,0,0,0,0,0,0,0,0,0,0
1,137542,Kaique Kenji,CRU,Atacante,visitante,BOT,-0.5,0,1,0,1,1,0,0,0,0,0,0,0,0,0,0,0,0,0,0,0,0
1,139076,Filipe Luís,FLA,Técnico,visitante,SAO,3.95,0,0,0,0,0,0,0,0,0,0,0,0,0,0,0,0,0,0,0,0,0
1,141406,Andrey Fernandes,VAS,Atacante,visitante,MIR,1.7,0,0,0,0,0,0,1,0,0,1,0,0,0,0,0,0,0,0,0,0,0
1,141451,Allan,PAL,Meia,visitante,CAM,1.9,0,0,1,2,0,0,2,0,0,0,0,0,0,0,0,0,0,0,0,0,0
1,141611,Maik,SAO,Lateral,mandante,FLA,2.7,0,0,2,1,0,0,0,0,0,0,0,0,0,0,0,0,0,0,0,0,0
1,141754,Gabriel Bontempo,SAN,Meia,visitante,CHA,0.0,0,0,0,0,0,0,0,0,0,0,0,0,0,0,0,0,0,0,0,0,0
1,141868,Vinicius Lira,SAN,Lateral,visitante,CHA,3.5,0,0,1,0,1,0,0,0,0,1,0,0,0,0,0,0,0,0,0,0,0
1,142004,Amuzu,GRE,Atacante,visitante,FLU,1.7,0,0,1,1,0,0,1,0,0,0,0,0,0,0,0,0,0,0,0,0,0
1,142265,Dell,BAH,Atacante,visitante,COR,2.5,0,0,1,0,0,0,2,0,0,0,0,0,0,0,0,0,0,0,0,0,0
1,142279,Nuno Moreira,VAS,Meia,visitante,MIR,0.7,0,1,1,1,0,0,1,0,0,0,0,0,0,0,0,0,0,0,0,0,0
1,142484,Barrera,BOT,Meia,mandante,CRU,0.0,0,0,0,0,0,0,0,0,0,0,0,0,0,0,0,0,0,0,0,0,0
1,142867,Robinho Jr.,SAN,Atacante,visitante,CHA,0.0,0,0,0,0,0,0,0,0,0,0,0,0,0,0,0,0,0,0,0,0,0
1,142890,Montoro,BOT,Meia,mandante,CRU,5.8,0,0,0,3,0,0,1,0,0,1,0,0,0,0,0,0,1,0,0,0,0
1,143193,Viveros,CAP,Atacante,visitante,INT,10.2,0,0,1,2,2,0,3,0,0,1,0,0,0,0,0,0,1,0,0,0,0
1,143488,Raykkonen,INT,Atacante,mandante,CAP,0.5,0,0,0,0,0,0,1,0,0,0,0,0,0,0,0,0,0,0,0,0,0
1,145036,Fernando Pradella,SAN,Atacante,visitante,CHA,0.0,0,0,0,0,0,0,0,0,0,0,0,0,0,0,0,0,0,0,0,0,0
1,145404,Arthur,PAL,Lateral,visitante,CAM,-0.3,0,0,0,1,0,0,0,0,0,0,0,0,0,0,0,0,0,0,0,0,0
1,145744,André,COR,Meia,mandante,BAH,6.5,0,0,4,0,0,0,1,0,0,0,0,0,0,0,0,0,0,0,0,0,0
1,146040,João Pedro,REM,Atacante,visitante,VIT,-1.0,0,0,0,5,0,0,1,0,0,0,0,0,0,0,0,0,0,0,0,0,0
1,147883,João Vitor,VAS,Atacante,visitante,MIR,0.0,0,0,0,0,0,0,0,0,0,0,0,0,0,0,0,0,0,0,0,0,0
1,37656,Fábio,FLU,Goleiro,mandante,GRE,2.1,0,0,0,0,0,0,1,0,0,0,0,2,1,0,0,0,0,0,0,0,0
1,39148,Hulk,CAM,Atacante,mandante,PAL,5.3,0,0,0,1,4,1,5,0,0,0,0,0,0,0,0,0,0,0,0,0,0
1,39656,Alan Franco,CAM,Meia,mandante,PAL,-0.1,0,1,1,2,0,0,0,0,0,0,0,0,0,0,0,0,0,0,0,0,0
1,39850,Vagner Mancini,RBB,Técnico,visitante,CFC,8.07,0,0,0,0,0,0,0,0,0,0,0,0,0,0,1,0,0,0,0,0,0
1,40990,Dorival Júnior,COR,Técnico,mandante,BAH,6.6,0,0,0,0,0,0,0,0,0,0,0,0,0,0,0,0,0,0,0,0,0
1,42135,Willian,GRE,Meia,visitante,FLU,-0.3,0,0,0,1,0,0,0,0,0,0,0,0,0,0,0,0,0,0,0,0,0
1,42222,Osvaldo,VIT,Atacante,mandante,REM,0.8,0,0,0,0,1,0,0,0,0,0,0,0,0,0,0,0,0,0,0,0,0
1,42234,Cássio,CRU,Goleiro,visitante,BOT,-2.7,0,0,0,0,0,0,0,0,0,0,0,1,4,0,0,0,0,0,0,0,0
1,42500,Fagner,CRU,Lateral,visitante,BOT,0.9,0,0,1,2,0,0,0,0,0,0,0,0,0,0,0,0,0,0,0,0,0
1,45125,Tite,CRU,Técnico,visitante,BOT,1.37,0,0,0,0,0,0,0,0,0,0,0,0,0,0,0,0,0,0,0,0,0
1,51413,Walter,MIR,Goleiro,mandante,VAS,4.2,0,0,0,0,0,0,0,0,0,0,0,4,1,0,0,0,0,0,0,0,0
1,51772,Everton Ribeiro,BAH,Meia,visitante,COR,1.5,0,0,1,0,0,0,0,0,0,0,0,0,0,0,0,0,0,0,0,0,0
1,61987,Alex Sandro,FLA,Lateral,visitante,SAO,1.0,0,0,0,0,0,0,2,0,0,0,0,0,0,0,0,0,0,0,0,0,0
1,62977,Ganso,FLU,Meia,mandante,GRE,-0.3,0,0,0,1,0,0,0,0,0,0,0,0,0,0,0,0,0,0,0,0,0
1,63013,Marcos Rocha,GRE,Lateral,visitante,FLU,0.0,0,0,0,0,0,0,0,0,0,0,0,0,0,0,0,0,0,0,0,0,0
1,63289,Edenílson,GRE,Meia,visitante,FLU,2.5,0,0,1,1,1,0,1,0,0,0,0,0,0,0,0,0,0,0,0,0,0
1,68685,Alan Patrick,INT,Meia,mandante,CAP,3.0,0,0,0,0,1,0,2,0,0,1,0,0,0,0,0,0,0,0,0,0,0
1,68708,Eduardo,MIR,Meia,mandante,VAS,7.0,0,0,0,5,0,0,1,0,1,0,0,0,0,0,0,0,0,0,0,0,0
1,68806,Neto,BOT,Goleiro,mandante,CRU,10.2,0,0,0,0,0,0,0,1,0,0,0,4,0,0,0,0,0,0,0,0,0
1,68899,Philippe Coutinho,VAS,Meia,visitante,MIR,10.8,0,0,1,0,1,0,1,0,1,0,0,0,0,0,0,0,0,0,0,0,0
1,68920,Dudu,CAM,Atacante,mandante,PAL,2.5,0,0,1,1,1,0,1,0,0,0,0,0,0,0,0,0,0,0,0,0,0
1,68928,Rafael,SAO,Goleiro,mandante,FLA,4.2,0,0,0,0,0,0,0,0,0,0,0,4,1,0,0,0,0,0,0,0,0
1,68938,Giovanni Augusto,CHA,Meia,mandante,SAN,1.7,0,0,1,1,0,0,1,0,0,0,0,0,0,0,0,0,0,0,0,0,0
1,68996,Willian José,BAH,Atacante,visitante,COR,9.5,0,0,1,0,0,0,0,0,1,0,0,0,0,0,0,0,0,0,0,0,0
1,69012,Santos,CAP,Goleiro,visitante,INT,11.5,0,0,0,0,0,0,0,1,0,0,0,5,0,0,0,0,0,0,0,0,0
1,69140,Allan,BOT,Meia,mandante,CRU,2.8,0,1,1,1,2,0,2,0,0,0,0,0,0,0,0,0,0,0,0,0,0
1,69208,Gabriel Paulista,COR,Zagueiro,mandante,BAH,-0.3,0,0,0,1,0,0,0,0,0,0,0,0,0,0,0,0,0,0,0,0,0
1,70164,Lucas Moura,SAO,Meia,mandante,FLA,-0.3,0,0,0,1,0,0,0,0,0,0,0,0,0,0,0,0,0,0,0,0,0
1,70360,Eduardo Sasha,RBB,Atacante,visitante,CFC,3.9,0,0,1,0,0,0,0,0,0,2,0,0,0,0,0,0,0,0,0,0,0
1,70449,Gabriel,VIT,Goleiro,mandante,REM,6.8,0,0,0,0,0,0,1,1,0,0,0,1,0,0,0,0,0,0,0,0,0
1,70666,Marllon,REM,Zagueiro,visitante,VIT,3.5,0,0,2,0,0,0,1,0,0,0,0,0,0,0,0,0,0,0,0,0,0
1,70800,Jorge Sampaoli,CAM,Técnico,mandante,PAL,3.81,0,0,0,0,0,0,0,0,0,0,0,0,0,0,0,0,0,0,0,0,0
1,70944,Bruno Henrique,INT,Meia,mandante,CAP,2.2,0,0,0,1,1,0,1,0,0,1,0,0,0,0,0,0,0,0,0,0,0
1,70958,Jean Carlos,CHA,Meia,mandante,SAN,13.0,0,0,0,0,0,0,0,0,1,0,0,0,0,0,0,0,1,0,0,0,0
1,71043,Léo Vieira,CHA,Goleiro,mandante,SAN,2.2,0,1,0,0,0,0,0,0,0,0,0,4,2,0,0,0,0,0,0,0,0
1,71123,Thiago Mendes,VAS,Meia,visitante,MIR,4.5,0,0,2,0,0,0,3,0,0,0,0,0,0,0,0,0,0,0,0,0,0
1,71227,Maicon,CFC,Zagueiro,mandante,RBB,1.7,0,0,1,1,0,0,1,0,0,0,0,0,0,0,0,0,0,0,0,0,0
1,71631,Weverton,GRE,Goleiro,visitante,FLU,3.2,0,0,0,0,0,0,0,0,0,0,0,4,2,0,0,0,0,0,0,0,0
1,71684,Gustavo Gómez,PAL,Zagueiro,visitante,CAM,1.9,0,0,1,2,0,0,2,0,0,0,0,0,0,0,0,0,0,0,0,0,0
1,72294,Everson,CAM,Goleiro,mandante,PAL,3.7,0,0,0,0,0,0,1,0,0,0,0,4,2,0,0,0,0,0,0,0,0
1,72391,Fernando Diniz,VAS,Técnico,visitante,MIR,4.0,0,0,0,0,0,0,0,0,0,0,0,0,0,0,0,0,0,0,0,0,0
1,72460,Bernard,CAM,Meia,mandante,PAL,-0.6,0,0,0,2,0,0,0,0,0,0,0,0,0,0,0,0,0,0,0,0,0
1,72493,Alex Telles,BOT,Lateral,mandante,CRU,8.0,0,0,2,0,0,0,0,1,0,0,0,0,0,0,0,0,0,0,0,0,0
1,73384,Samuel Xavier,FLU,Lateral,mandante,GRE,3.7,0,0,2,1,0,0,2,0,0,0,0,0,0,0,0,0,0,0,0,0,0
1,73481,Gilmar Dal Pozzo,CHA,Técnico,mandante,SAN,7.95,0,0,0,0,0,0,0,0,0,0,0,0,0,0,1,0,0,0,0,0,0
1,73717,Juan Carlos Osorio,REM,Técnico,visitante,VIT,1.97,0,0,0,0,0,0,0,0,0,0,0,0,0,0,0,0,0,0,0,0,0
1,77485,Carrillo,COR,Meia,mandante,BAH,3.2,0,0,2,1,0,0,1,0,0,0,0,0,0,0,0,0,0,0,0,0,0
1,77656,Cédric Soares,SAO,Lateral,mandante,FLA,2.3,0,0,1,0,1,0,0,0,0,0,0,0,0,0,0,0,0,0,0,0,0
1,77777,João Schmidt,SAN,Meia,visitante,CHA,3.2,0,0,2,1,0,0,1,0,0,0,0,0,0,0,0,0,0,0,0,0,0
1,78117,Everaldo,FLU,Atacante,mandante,GRE,0.9,0,0,0,0,0,1,2,0,0,0,0,0,0,0,0,0,0,0,0,0,0
1,78248,Gustavo Henrique,COR,Zagueiro,mandante,BAH,9.2,0,0,5,1,1,0,0,0,0,1,0,0,0,0,0,0,0,0,0,0,0
1,78435,Vitinho,COR,Atacante,mandante,BAH,1.7,0,0,1,1,0,0,1,0,0,0,0,0,0,0,0,0,0,0,0,0,0
1,78445,Renê,FLU,Lateral,mandante,GRE,7.4,0,0,1,1,0,0,0,0,0,1,0,0,0,0,0,0,1,0,0,0,0
1,78605,Gabriel,RBB,Meia,visitante,CFC,0.7,0,1,1,1,0,0,1,0,0,0,0,0,0,0,0,0,0,0,0,0,0
1,78850,Reinaldo,MIR,Lateral,mandante,VAS,0.8,0,0,0,0,1,0,0,0,0,0,0,0,0,0,0,0,0,0,0,0,0
1,78855,Thiago Santos,CFC,Zagueiro,mandante,RBB,0.0,0,0,0,0,0,0,0,0,0,0,0,0,0,0,0,0,0,0,0,0,0
1,79701,Lucas Silva,CRU,Meia,visitante,BOT,0.2,0,1,1,1,0,0,0,0,0,0,0,0,0,0,0,0,0,0,0,0,0
1,80129,Jadson,CAP,Meia,visitante,INT,0.5,0,0,0,0,0,0,1,0,0,0,0,0,0,0,0,0,0,0,0,0,0
1,80196,Yago Pikachu,REM,Meia,visitante,VIT,2.1,0,0,0,0,2,0,1,0,0,0,0,0,0,0,0,0,0,0,0,0,0
1,80287,Luciano,SAO,Atacante,mandante,FLA,15.3,0,0,2,1,3,0,2,0,1,1,0,0,0,0,0,0,0,0,0,0,0
1,80313,Gilberto,BAH,Lateral,visitante,COR,4.4,0,0,0,2,0,0,0,0,0,0,0,0,0,0,0,0,1,0,0,0,0
1,81952,Willian Oliveira,CFC,Meia,mandante,RBB,7.9,0,0,5,2,0,0,2,0,0,0,0,0,0,0,0,0,0,0,0,0,0
1,82455,Zé Rafael,SAN,Meia,visitante,CHA,7.9,0,0,0,0,3,0,1,0,0,0,0,0,0,0,0,0,1,0,0,0,0
1,82628,Tinga,CFC,Lateral,mandante,RBB,5.0,0,0,3,0,0,0,1,0,0,0,0,0,0,0,0,0,0,0,0,0,0
1,82730,Marcelo Rangel,REM,Goleiro,visitante,VIT,3.2,0,0,0,0,0,0,0,0,0,0,0,4,2,0,0,0,0,0,0,0,0
1,83263,Yuri Lara,MIR,Meia,mandante,VAS,5.5,0,0,3,0,0,0,2,0,0,0,0,0,0,0,0,0,0,0,0,0,0
1,83433,Patrick,REM,Meia,visitante,VIT,1.3,0,0,0,0,1,0,1,0,0,0,0,0,0,0,0,0,0,0,0,0,0
1,83528,Léo Pereira,FLA,Zagueiro,visitante,SAO,0.1,0,0,0,3,0,0,2,0,0,0,0,0,0,0,0,0,0,0,0,0,0
1,84339,Bruno Melo,CFC,Lateral,mandante,RBB,2.1,0,1,2,1,0,1,1,0,0,0,0,0,0,0,0,0,0,0,0,0,0
1,84558,Lucas Romero,CRU,Meia,visitante,BOT,2.2,0,0,1,1,0,0,2,0,0,0,0,0,0,0,0,0,0,0,0,0,0
1,84626,Josué,CFC,Meia,mandante,RBB,-1.0,0,0,1,1,1,0,0,0,0,0,0,0,0,0,0,0,0,0,1,0,0
1,84735,Jorginho,FLA,Meia,visitante,SAO,-1.8,0,0,1,1,0,0,0,0,0,0,0,0,0,0,0,0,0,0,1,0,0
1,84816,Varela,FLA,Lateral,visitante,SAO,6.7,0,0,4,1,0,0,2,0,0,0,0,0,0,0,0,0,0,0,0,0,0
1,84847,Luan Peres,SAN,Zagueiro,visitante,CHA,1.7,0,0,1,1,0,0,1,0,0,0,0,0,0,0,0,0,0,0,0,0,0
1,84927,Dodô,REM,Meia,visitante,VIT,-0.8,0,1,0,1,0,0,1,0,0,0,0,0,0,0,0,0,0,0,0,0,0
1,85048,Memphis Depay,COR,Atacante,mandante,BAH,3.7,0,0,1,1,1,0,1,0,0,1,0,0,0,0,0,0,0,0,0,0,0
1,85403,Danielzinho,SAO,Meia,mandante,FLA,7.6,0,0,0,3,0,0,1,0,1,0,0,0,0,0,0,0,0,0,0,0,0
1,85626,Léo,CAP,Zagueiro,visitante,INT,4.7,0,0,0,1,0,0,0,1,0,0,0,0,0,0,0,0,0,0,0,0,0
1,86292,Bolasie,CHA,Atacante,mandante,SAN,1.2,0,0,1,1,0,0,0,0,0,0,0,0,0,0,0,0,0,0,0,0,0
1,86757,Everton,FLA,Atacante,visitante,SAO,3.2,0,0,1,1,1,0,0,0,0,1,0,0,0,0,0,0,0,0,0,0,0
1,86863,Luiz Otávio,MIR,Zagueiro,mandante,VAS,1.5,0,0,1,0,0,0,0,0,0,0,0,0,0,0,0,0,0,0,0,0,0
1,87008,Léo Jardim,VAS,Goleiro,visitante,MIR,1.9,0,0,0,0,0,0,0,0,0,0,0,3,2,0,0,0,0,0,0,0,0
1,87225,Pedro Henrique,RBB,Zagueiro,visitante,CFC,4.5,0,1,0,1,1,0,0,1,0,0,0,0,0,0,0,0,0,0,0,0,0
1,87742,Neto Moura,MIR,Meia,mandante,VAS,0.5,0,0,0,1,1,0,0,0,0,0,0,0,0,0,0,0,0,0,0,0,0
1,87863,Arrascaeta,FLA,Meia,visitante,SAO,0.8,0,0,0,0,1,0,0,0,0,0,0,0,0,0,0,0,0,0,0,0,0
1,87999,Gustavo Scarpa,CAM,Meia,mandante,PAL,0.5,0,0,0,0,0,0,1,0,0,0,0,0,0,0,0,0,0,0,0,0,0
1,88037,Luís Castro,GRE,Técnico,visitante,FLU,4.47,0,0,0,0,0,0,0,0,0,0,0,0,0,0,0,0,0,0,0,0,0
1,88312,Junior Alonso,CAM,Zagueiro,mandante,PAL,3.5,0,0,2,0,0,0,1,0,0,0,0,0,0,0,0,0,0,0,0,0,0
1,89256,Gerson,CRU,Meia,visitante,BOT,1.4,0,0,0,2,0,2,2,0,0,1,0,0,0,0,0,0,0,0,0,0,0
1,89273,João Pedro,GRE,Lateral,visitante,FLU,0.4,0,0,0,0,0,1,1,0,0,0,0,0,0,0,0,0,0,0,0,0,0
1,89274,Andreas Pereira,PAL,Meia,visitante,CAM,6.7,0,0,1,2,1,0,0,0,0,0,0,0,0,0,0,0,1,0,0,0,0
1,89837,Lucho Acosta,FLU,Meia,mandante,GRE,13.8,0,0,3,0,1,0,1,0,1,0,0,0,0,0,0,0,0,0,0,0,0
1,89840,Calleri,SAO,Atacante,mandante,FLA,0.4,0,0,0,2,0,0,2,0,0,0,0,0,0,0,0,0,0,0,0,0,0
1,89883,Dodi,GRE,Meia,visitante,FLU,-1.1,0,1,0,2,0,0,1,0,0,0,0,0,0,0,0,0,0,0,0,0,0
1,89918,Everton Galdino,MIR,Atacante,mandante,VAS,0.5,0,0,0,0,0,0,1,0,0,0,0,0,0,0,0,0,0,0,0,0,0
1,90031,Mendoza,CAP,Atacante,visitante,INT,8.2,0,0,0,1,0,0,1,0,1,0,0,0,0,0,0,0,0,0,0,0,0
1,90285,Bruno Henrique,FLA,Atacante,visitante,SAO,0.8,0,0,0,0,1,0,0,0,0,0,0,0,0,0,0,0,0,0,0,0,0
1,90302,Pedro Rocha,CFC,Atacante,mandante,RBB,2.8,0,0,0,2,1,1,3,0,0,1,0,0,0,0,0,0,0,0,0,0,0
1,90370,Matheus Pereira,COR,Meia,mandante,BAH,-0.3,0,0,0,1,0,0,0,0,0,0,0,0,0,0,0,0,0,0,0,0,0
1,90532,Arthur Melo,GRE,Meia,visitante,FLU,5.7,0,0,3,1,0,0,3,0,0,0,0,0,0,0,0,0,0,0,0,0,0
1,90588,Caíque,VIT,Meia,mandante,REM,0.4,0,0,0,2,0,0,2,0,0,0,0,0,0,0,0,0,0,0,0,0,0
1,90703,Matheuzinho,VIT,Meia,mandante,REM,4.0,0,0,1,0,1,0,1,0,0,1,0,0,0,0,0,0,0,0,0,0,0
1,90715,Luiz Fernando,CAP,Atacante,visitante,INT,-0.3,0,0,0,1,0,0,0,0,0,0,0,0,0,0,0,0,0,0,0,0,0
1,90768,Fabrício Bruno,CRU,Zagueiro,visitante,BOT,0.5,0,0,0,0,0,0,1,0,0,0,0,0,0,0,0,0,0,0,0,0,0
1,90943,Zé Marcos,VIT,Zagueiro,mandante,REM,4.1,0,0,0,3,0,0,0,1,0,0,0,0,0,0,0,0,0,0,0,0,0
1,91101,Ronaldo,BAH,Goleiro,visitante,COR,4.2,0,0,0,0,0,0,0,0,0,0,0,4,1,0,0,0,0,0,0,0,0
1,91473,Erick Pulgar,FLA,Meia,visitante,SAO,3.5,0,0,2,0,0,0,1,0,0,0,0,0,0,0,0,0,0,0,0,0,0
1,91573,Arboleda,SAO,Zagueiro,mandante,FLA,7.5,0,0,5,0,0,0,0,0,0,0,0,0,0,0,0,0,0,0,0,0,0
1,91706,Marlon,GRE,Lateral,visitante,FLU,4.6,0,0,3,1,0,1,1,0,0,0,0,0,0,0,0,0,0,0,0,0,0
1,91772,David Duarte,BAH,Zagueiro,visitante,COR,0.9,0,0,1,2,0,0,0,0,0,0,0,0,0,0,0,0,0,0,0,0,0
1,91908,Pavón,GRE,Atacante,visitante,FLU,2.9,0,0,1,1,0,0,1,0,0,1,0,0,0,0,0,0,0,0,0,0,0
1,92171,Arthur Cabral,BOT,Atacante,mandante,CRU,7.1,0,0,0,1,3,0,0,0,0,0,0,0,0,0,0,0,1,0,0,0,0
1,92180,Jair Ventura,VIT,Técnico,mandante,REM,9.26,0,0,0,0,0,0,0,0,0,0,0,0,0,0,1,0,0,0,0,0,0
1,92273,Odair Hellmann,CAP,Técnico,visitante,INT,8.09,0,0,0,0,0,0,0,0,0,0,0,0,0,0,1,0,0,0,0,0,0
1,92696,Renato Kayzer,VIT,Atacante,mandante,REM,10.4,0,0,0,0,1,1,1,0,1,1,0,0,0,0,0,0,0,0,0,0,0
1,92854,Borré,INT,Atacante,mandante,CAP,2.4,0,0,0,2,1,2,0,0,0,2,0,0,0,0,0,0,0,0,0,0,0
1,92981,Ronaldo,INT,Meia,mandante,CAP,0.2,0,0,0,2,1,0,0,0,0,0,0,0,0,0,0,0,0,0,0,0,0
1,93411,Cantalapiedra,VIT,Meia,mandante,REM,0.5,0,0,0,1,1,0,0,0,0,0,0,0,0,0,0,0,0,0,0,0,0
1,93478,Wanderson,CRU,Atacante,visitante,BOT,0.9,0,0,0,2,2,1,0,0,0,0,0,0,0,0,0,0,0,0,0,0,0
1,93790,Marlon Freitas,PAL,Meia,visitante,CAM,1.4,0,0,1,0,0,1,0,0,0,0,0,0,0,0,0,0,0,0,0,0,0
1,93882,Cleiton,RBB,Goleiro,visitante,CFC,7.6,0,0,0,0,0,0,0,1,0,0,0,2,0,0,0,0,0,0,0,0,0
1,93988,Breno Lopes,CFC,Atacante,mandante,RBB,1.1,0,0,0,0,0,1,0,0,0,1,0,0,0,0,0,0,0,0,0,0,0
1,94067,Matheus Fernandes,RBB,Meia,visitante,CFC,0.3,0,1,0,1,2,0,0,0,0,0,0,0,0,0,0,0,0,0,0,0,0
1,94154,Maycon,CAM,Meia,mandante,PAL,2.5,0,0,1,1,1,0,1,0,0,0,0,0,0,0,0,0,0,0,0,0,0
1,94583,Pedro,FLA,Atacante,visitante,SAO,6.4,0,0,1,2,0,0,1,0,0,0,0,0,0,0,0,0,1,0,0,0,0
1,94968,Juninho Capixaba,RBB,Lateral,visitante,CFC,16.2,0,0,0,2,1,0,0,1,1,0,0,0,0,0,0,1,0,0,0,0,0
1,95332,Marcinho,CHA,Atacante,mandante,SAN,1.6,0,0,1,1,0,1,1,0,0,0,0,0,0,0,0,0,0,0,0,0,0
1,95466,Igor Vinícius,SAN,Lateral,visitante,CHA,5.5,0,0,0,0,0,0,1,0,0,0,0,0,0,0,0,0,1,0,0,0,0
1,95556,Raniele,COR,Meia,mandante,BAH,11.4,0,1,8,3,1,0,1,0,0,0,0,0,0,0,0,0,0,0,0,0,0
1,95799,Artur,BOT,Atacante,mandante,CRU,8.0,0,0,0,0,0,0,0,0,1,0,0,0,0,0,0,0,0,0,0,0,0
1,96591,Renan Lodi,CAM,Lateral,mandante,PAL,11.2,0,1,4,4,0,1,5,0,0,0,0,0,0,0,0,0,1,0,0,0,0
1,96610,Matheus Pereira,CRU,Meia,visitante,BOT,3.7,0,0,1,0,0,0,2,0,0,1,0,0,0,0,0,0,0,0,0,0,0
1,96793,Camutanga,VIT,Zagueiro,mandante,REM,9.5,0,0,1,0,1,0,2,1,0,1,0,0,0,0,0,0,0,0,0,0,0
1,97095,Carlos Cuesta,VAS,Zagueiro,visitante,MIR,-1.1,0,0,1,3,1,0,1,0,0,0,0,0,0,0,0,0,0,1,0,0,0
1,97321,Alesson,MIR,Atacante,mandante,VAS,9.7,0,0,2,1,1,0,0,0,0,1,0,0,0,0,0,0,1,0,0,0,0
1,97341,Rogério Ceni,BAH,Técnico,visitante,COR,5.19,0,0,0,0,0,0,0,0,0,0,0,0,0,0,1,0,0,0,0,0,0
1,97432,Victor Caetano,CHA,Zagueiro,mandante,SAN,3.0,0,0,2,0,0,0,0,0,0,0,0,0,0,0,0,0,0,0,0,0,0
1,97460,João Victor,MIR,Zagueiro,mandante,VAS,1.5,0,0,1,0,0,0,0,0,0,0,0,0,0,0,0,0,0,0,0,0,0
1,97468,Marçal,BOT,Lateral,mandante,CRU,8.0,0,0,2,0,0,0,0,1,0,0,0,0,0,0,0,0,0,0,0,0,0
1,97642,Félix Torres,INT,Zagueiro,mandante,CAP,-0.1,0,0,0,2,0,0,1,0,0,0,0,0,0,0,0,0,0,0,0,0,0
1,97653,Murilo,PAL,Zagueiro,visitante,CAM,-0.9,0,0,0,3,0,0,0,0,0,0,0,0,0,0,0,0,0,0,0,0,0
1,97735,Giovanni Pavani,REM,Meia,visitante,VIT,1.5,0,0,1,0,0,0,0,0,0,0,0,0,0,0,0,0,0,0,0,0,0
1,97795,Marcelinho,REM,Lateral,visitante,VIT,0.0,0,0,0,0,0,0,0,0,0,0,0,0,0,0,0,0,0,0,0,0,0
1,97810,Erick,VIT,Atacante,mandante,REM,12.5,0,0,0,0,2,1,2,0,0,0,0,0,0,0,0,0,2,0,0,0,0
1,97867,Léo Ortiz,FLA,Zagueiro,visitante,SAO,-0.3,0,0,0,1,0,0,0,0,0,0,0,0,0,0,0,0,0,0,0,0,0
1,97878,Jacy,CFC,Zagueiro,mandante,RBB,2.0,0,0,1,0,0,0,1,0,0,0,0,0,0,0,0,0,0,0,0,0,0
1,97906,Riccieli,VIT,Zagueiro,mandante,REM,5.0,0,0,0,0,0,0,0,1,0,0,0,0,0,0,0,0,0,0,0,0,0
1,97969,Marcos Vinícius,CHA,Lateral,mandante,SAN,-1.3,0,1,0,1,0,0,0,0,0,0,0,0,0,0,0,0,0,0,0,0,0
1,98022,Erick,BAH,Meia,visitante,COR,0.0,0,0,0,0,0,0,0,0,0,0,0,0,0,0,0,0,0,0,0,0,0
1,98224,Jáderson,REM,Meia,visitante,VIT,1.7,0,0,0,1,0,0,4,0,0,0,0,0,0,0,0,0,0,0,0,0,0
1,98225,Pedro Raul,COR,Atacante,mandante,BAH,0.0,0,0,0,0,0,0,0,0,0,0,0,0,0,0,0,0,0,0,0,0,0
1,98384,Negueba,MIR,Atacante,mandante,VAS,4.8,0,0,2,0,1,0,2,0,0,0,0,0,0,0,0,0,0,0,0,0,0
1,98517,Jean Lucas,BAH,Meia,visitante,COR,6.1,0,1,0,3,0,0,0,0,1,0,0,0,0,0,0,0,0,0,0,0,0
1,98672,Savarino,FLU,Meia,mandante,GRE,0.5,0,0,0,0,0,0,1,0,0,0,0,0,0,0,0,0,0,0,0,0,0
1,98873,Samuel Lino,FLA,Atacante,visitante,SAO,6.5,0,0,4,0,0,0,1,0,0,0,0,0,0,0,0,0,0,0,0,0,0
1,98909,Cuello,CAM,Atacante,mandante,PAL,1.8,0,0,1,1,1,2,0,0,0,0,0,0,0,0,0,0,0,0,0,0,0
1,99213,Puma Rodríguez,VAS,Lateral,visitante,MIR,6.4,0,0,1,0,0,1,0,0,0,0,0,0,0,0,0,0,1,0,0,0,0
1,99274,Alexander Barboza,BOT,Zagueiro,mandante,CRU,6.2,0,0,1,1,0,0,0,1,0,0,0,0,0,0,0,0,0,0,0,0,0
1,99366,Luis Zubeldía,FLU,Técnico,mandante,GRE,5.55,0,0,0,0,0,0,0,0,0,0,0,0,0,0,1,0,0,0,0,0,0
1,99440,Baralhas,VIT,Meia,mandante,REM,10.9,0,1,2,2,0,0,3,0,1,0,0,0,0,0,0,0,0,0,0,0,0
1,99552,Rossi,FLA,Goleiro,visitante,SAO,0.6,0,0,0,0,0,0,0,0,0,0,0,2,2,0,0,0,0,0,0,0,0
1,99889,Alan Franco,SAO,Zagueiro,mandante,FLA,3.2,0,0,2,1,0,0,1,0,0,0,0,0,0,0,0,0,0,0,0,0,0
2,100084,Igor Gomes,CAM,Meia,visitante,RBB,-0.5,0,1,0,0,0,0,1,0,0,0,0,0,0,0,0,0,0,0,0,0,0
2,100342,Léo Andrade,REM,Zagueiro,mandante,MIR,5.0,0,0,3,0,0,0,1,0,0,0,0,0,0,0,0,0,0,0,0,0,0
2,100742,Matheus Henrique,CRU,Meia,mandante,CFC,4.5,0,0,2,1,1,0,2,0,0,0,0,0,0,0,0,0,0,0,0,0,0
2,100842,Ruan,CAM,Zagueiro,visitante,RBB,-0.6,0,0,0,2,0,0,0,0,0,0,0,0,0,0,0,0,0,0,0,0,0
2,100848,Luan Cândido,VIT,Lateral,visitante,PAL,0.9,0,0,0,1,0,0,0,0,0,1,0,0,0,0,0,0,0,0,0,0,0
2,100898,Vitinho,BOT,Lateral,visitante,GRE,5.8,0,0,3,0,1,0,1,0,0,0,0,0,0,0,0,0,0,0,0,0,0
2,100987,Nonato,FLU,Meia,visitante,BAH,4.2,0,1,0,1,0,0,1,0,0,0,0,0,0,0,0,0,1,0,0,0,0
2,101254,Alef Manga,REM,Atacante,mandante,MIR,16.1,0,0,0,0,1,1,0,0,1,2,0,0,0,0,0,0,1,0,0,0,0
2,101314,Ademir,BAH,Atacante,mandante,FLU,3.3,0,0,0,3,2,1,3,0,0,1,0,0,0,0,0,0,0,0,0,0,0
2,101393,Eduardo Doma,CHA,Zagueiro,visitante,VAS,3.0,0,0,2,0,0,0,0,0,0,0,0,0,0,0,0,0,0,0,0,0,0
2,101594,Hugo Moura,VAS,Meia,mandante,CHA,0.0,0,0,0,0,0,0,0,0,0,0,0,0,0,0,0,0,0,0,0,0,0
2,101597,Ramon,VIT,Lateral,visitante,PAL,7.0,0,0,4,1,1,0,1,0,0,0,0,0,0,0,0,0,0,0,0,0,0
2,101715,Alerrandro,INT,Atacante,visitante,FLA,2.0,0,0,0,0,0,0,4,0,0,0,0,0,0,0,0,0,0,0,0,0,0
2,101908,Willian Machado,MIR,Zagueiro,visitante,REM,6.0,0,0,4,0,0,0,0,0,0,0,0,0,0,0,0,0,0,0,0,0,0
2,101960,Vitinho,INT,Atacante,visitante,FLA,3.0,0,1,2,4,0,0,2,0,0,1,0,0,0,0,0,0,0,0,0,0,0
2,102130,Piquerez,PAL,Lateral,mandante,VIT,12.8,0,0,2,0,1,0,2,0,0,0,0,0,0,0,0,1,1,0,0,0,0
2,102256,Rollheiser,SAN,Meia,mandante,SAO,0.0,0,0,0,0,0,0,0,0,0,0,0,0,0,0,0,0,0,0,0,0,0
2,102667,Nathan Fogaça,MIR,Atacante,visitante,REM,8.2,0,0,0,2,1,0,0,0,1,0,0,0,0,0,0,0,0,0,0,0,0
2,102909,Luan Vinícius,SAO,Meia,visitante,SAN,0.0,0,0,0,0,0,0,0,0,0,0,0,0,0,0,0,0,0,0,0,0,0
2,102911,Zé Ricardo,REM,Meia,mandante,MIR,6.4,0,0,4,3,1,0,1,0,0,0,0,0,0,0,0,0,0,0,0,0,0
2,102928,Canobbio,FLU,Atacante,visitante,BAH,2.5,0,0,0,0,1,0,1,0,0,1,0,0,0,0,0,0,0,0,0,0,0
2,102975,Escobar,SAN,Lateral,mandante,SAO,5.2,0,1,4,1,0,0,1,0,0,0,0,0,0,0,0,0,0,0,0,0,0
2,103056,Gabriel Brazão,SAN,Goleiro,mandante,SAO,1.6,0,0,0,0,0,0,0,0,0,0,0,2,1,0,0,0,0,0,0,0,0
2,103295,Eric Ramires,RBB,Meia,mandante,CAM,0.0,0,0,0,0,0,0,0,0,0,0,0,0,0,0,0,0,0,0,0,0,0
2,103445,Kaio Jorge,CRU,Atacante,mandante,CFC,4.9,0,0,0,0,2,1,2,0,0,2,0,0,0,0,0,0,0,0,0,0,0
2,103767,Gabriel Menino,SAN,Meia,mandante,SAO,2.4,0,0,1,2,0,0,3,0,0,0,0,0,0,0,0,0,0,0,0,0,0
2,103912,Hernán Crespo,SAO,Técnico,visitante,SAN,4.97,0,0,0,0,0,0,0,0,0,0,0,0,0,0,0,0,0,0,0,0,0
2,103987,Higor Meritão,CHA,Meia,visitante,VAS,0.9,0,0,1,2,0,0,0,0,0,0,0,0,0,0,0,0,0,0,0,0,0
2,104027,Rafael Guanaes,MIR,Técnico,visitante,REM,5.45,0,0,0,0,0,0,0,0,0,0,0,0,0,0,0,0,0,0,0,0,0
2,104075,Sabino,SAO,Zagueiro,visitante,SAN,1.4,0,0,1,2,0,0,1,0,0,0,0,0,0,0,0,0,0,0,0,0,0
2,104084,Carlos Miguel,PAL,Goleiro,mandante,VIT,3.4,0,0,0,0,0,0,1,0,0,0,0,3,1,0,0,0,0,0,0,0,0
2,104134,Fabri,VIT,Atacante,visitante,PAL,7.7,0,0,1,0,0,0,0,0,0,1,0,0,0,0,0,0,1,0,0,0,0
2,104257,João Lucas,REM,Lateral,mandante,MIR,2.2,0,1,2,1,0,0,1,0,0,0,0,0,0,0,0,0,0,0,0,0,0
2,104330,Dudu,VIT,Meia,visitante,PAL,8.2,0,0,0,1,0,0,1,0,1,0,0,0,0,0,0,0,0,0,0,0,0
2,104470,Everton,CHA,Lateral,visitante,VAS,3.2,0,0,2,1,0,0,1,0,0,0,0,0,0,0,0,0,0,0,0,0,0
2,104502,Christian,CRU,Meia,mandante,CFC,2.8,0,0,0,1,2,0,3,0,0,0,0,0,0,0,0,0,0,0,0,0,0
2,104519,Camilo,CHA,Meia,visitante,VAS,0.7,0,0,0,1,0,0,2,0,0,0,0,0,0,0,0,0,0,0,0,0,0
2,104693,Newton,BOT,Meia,visitante,GRE,4.4,0,0,3,2,0,0,1,0,0,0,0,0,0,0,0,0,0,0,0,0,0
2,104754,Juan Vojvoda,SAN,Técnico,mandante,SAO,3.09,0,0,0,0,0,0,0,0,0,0,0,0,0,0,0,0,0,0,0,0,0
2,104758,Enzo Díaz,SAO,Lateral,visitante,SAN,3.6,0,0,2,3,0,0,3,0,0,0,0,0,0,0,0,0,0,0,0,0,0
2,104783,Acevedo,BAH,Meia,mandante,FLU,9.2,0,0,4,2,1,0,0,0,0,0,0,0,0,0,0,1,0,0,0,0,0
2,104811,Sebastián Gómez,CFC,Meia,visitante,CRU,1.2,0,0,1,1,0,0,0,0,0,0,0,0,0,0,0,0,0,0,0,0,0
2,104994,Wagner Leonardo,GRE,Zagueiro,mandante,BOT,5.0,0,0,3,1,1,0,0,0,0,0,0,0,0,0,0,0,0,0,0,0,0
2,105047,João Marcelo,CRU,Zagueiro,mandante,CFC,0.0,0,0,0,0,0,0,0,0,0,0,0,0,0,0,0,0,0,0,0,0,0
2,105068,Reinier,CAM,Meia,visitante,RBB,0.8,0,0,0,0,1,0,0,0,0,0,0,0,0,0,0,0,0,0,0,0,0
2,105089,Tetê,GRE,Atacante,mandante,BOT,11.3,0,0,1,1,2,0,1,0,1,0,0,0,0,0,0,0,0,0,0,0,0
2,105175,Khellven,PAL,Lateral,mandante,VIT,2.6,0,0,2,3,0,0,1,0,0,0,0,0,0,0,0,0,0,0,0,0,0
2,105214,Santiago Rodríguez,BOT,Meia,visitante,GRE,0.0,0,0,0,0,0,0,0,0,0,0,0,0,0,0,0,0,0,0,0,0,0
2,105300,Ferraresi,SAO,Zagueiro,visitante,SAN,-0.3,0,0,0,1,0,0,0,0,0,0,0,0,0,0,0,0,0,0,0,0,0
2,105436,Carrascal,FLA,Meia,mandante,INT,2.7,0,0,1,0,0,0,0,0,0,1,0,0,0,0,0,0,0,0,0,0,0
2,105563,Carlos Vinícius,GRE,Atacante,mandante,BOT,24.1,0,0,0,1,0,1,1,0,3,0,0,0,0,0,0,0,0,0,0,0,0
2,105584,Lucas Piton,VAS,Lateral,mandante,CHA,4.3,0,0,1,0,2,0,0,0,0,1,0,0,0,0,0,0,0,0,0,0,0
2,105647,Maurício,PAL,Meia,mandante,VIT,11.7,0,0,2,1,0,0,2,0,1,0,0,0,0,0,0,0,0,0,0,0,0
2,105664,Walter Clar,CHA,Lateral,visitante,VAS,0.0,0,0,0,0,0,0,0,0,0,0,0,0,0,0,0,0,0,0,0,0,0
2,105903,Aldo Filho,MIR,Meia,visitante,REM,3.7,0,1,0,1,0,0,0,0,0,0,0,0,0,0,0,0,1,0,0,0,0
2,105949,Rochet,INT,Goleiro,visitante,FLA,2.9,0,0,0,0,0,0,0,0,0,0,0,3,1,0,0,0,0,0,0,0,0
2,105990,Santiago Mingo,BAH,Zagueiro,mandante,FLU,0.2,0,0,0,1,0,0,1,0,0,0,0,0,0,0,0,0,0,0,0,0,0
2,106202,Bruno Gomes,INT,Meia,visitante,FLA,3.4,0,0,2,2,0,0,2,0,0,0,0,0,0,0,0,0,0,0,0,0,0
2,106294,Marcos Antônio,SAO,Meia,visitante,SAN,0.0,0,0,0,0,0,0,0,0,0,0,0,0,0,0,0,0,0,0,0,0,0
2,106302,Preciado,CAM,Lateral,visitante,RBB,2.2,0,0,1,1,0,0,2,0,0,0,0,0,0,0,0,0,0,0,0,0,0
2,106323,Caio Alexandre,BAH,Meia,mandante,FLU,0.5,0,0,0,0,0,0,1,0,0,0,0,0,0,0,0,0,0,0,0,0,0
2,106708,Igor Formiga,MIR,Lateral,visitante,REM,7.7,0,0,0,1,0,0,0,0,1,0,0,0,0,0,0,0,0,0,0,0,0
2,107093,Luciano Juba,BAH,Lateral,mandante,FLU,5.8,0,0,2,1,2,0,3,0,0,0,0,0,0,0,0,0,0,0,0,0,0
2,107172,Patrick de Paula,REM,Meia,mandante,MIR,4.6,0,0,1,1,3,0,2,0,0,0,0,0,0,0,0,0,0,0,0,0,0
2,107231,Danilo,BOT,Meia,visitante,GRE,16.5,0,0,0,0,0,0,1,0,2,0,0,0,0,0,0,0,0,0,0,0,0
2,107873,Bobadilla,SAO,Meia,visitante,SAN,5.1,0,0,3,2,0,0,0,0,0,1,0,0,0,0,0,0,0,0,0,0,0
2,107989,Carbonero,INT,Atacante,visitante,FLA,10.4,0,0,1,1,1,0,2,0,0,2,0,0,0,0,0,0,1,0,0,0,0
2,108131,Garcez,CHA,Atacante,visitante,VAS,1.5,0,0,0,2,2,0,1,0,0,0,0,0,0,0,0,0,0,0,0,0,0
2,108133,Isidro Pitta,RBB,Atacante,mandante,CAM,-0.6,0,0,0,2,0,0,0,0,0,0,0,0,0,0,0,0,0,0,0,0,0
2,108469,Adonis Frías,SAN,Zagueiro,mandante,SAO,-0.1,0,1,0,1,0,0,0,0,0,1,0,0,0,0,0,0,0,0,0,0,0
2,108474,Santi Moreno,FLU,Atacante,visitante,BAH,0.0,0,0,0,0,0,0,0,0,0,0,0,0,0,0,0,0,0,0,0,0,0
2,108588,Tapia,SAO,Atacante,visitante,SAN,2.7,0,0,1,3,2,0,1,0,0,0,0,0,0,0,0,0,0,0,0,0,0
2,108713,Galeano,MIR,Atacante,visitante,REM,1.2,0,0,0,0,0,0,0,0,0,1,0,0,0,0,0,0,0,0,0,0,0
2,109127,Tiago Cóser,CFC,Zagueiro,visitante,CRU,0.0,0,0,0,0,0,0,0,0,0,0,0,0,0,0,0,0,0,0,0,0,0
2,109336,Rafael Carvalheira,CHA,Meia,visitante,VAS,1.4,0,0,1,3,1,0,0,0,0,0,0,0,0,0,0,0,0,0,0,0,0
2,109401,Erick Pulga,BAH,Atacante,mandante,FLU,0.9,0,0,0,1,0,0,0,0,0,1,0,0,0,0,0,0,0,0,0,0,0
2,109573,Martinelli,FLU,Meia,visitante,BAH,1.9,0,0,1,2,0,0,2,0,0,0,0,0,0,0,0,0,0,0,0,0,0
2,109966,Monsalve,GRE,Meia,mandante,BOT,0.4,0,0,0,2,0,0,2,0,0,0,0,0,0,0,0,0,0,0,0,0,0
2,110426,Bernabéi,INT,Lateral,visitante,FLA,0.6,0,0,1,1,0,1,1,0,0,0,0,0,0,1,0,0,0,0,0,0,0
2,110506,Abel Ferreira,PAL,Técnico,mandante,VIT,10.45,0,0,0,0,0,0,0,0,0,0,0,0,0,0,1,0,0,0,0,0,0
2,110510,Aguirre,INT,Lateral,visitante,FLA,0.8,0,0,0,0,1,0,0,0,0,0,0,0,0,0,0,0,0,0,0,0,0
2,110598,Marino Hinestroza,VAS,Atacante,mandante,CHA,2.0,0,0,1,0,0,0,1,0,0,0,0,0,0,0,0,0,0,0,0,0,0
2,110715,Andrés Hurtado,RBB,Lateral,mandante,CAM,5.5,0,1,1,0,0,0,0,1,0,0,0,0,0,0,0,0,0,0,0,0,0
2,110750,Gustavo Marques,RBB,Zagueiro,mandante,CAM,9.0,0,0,1,1,2,0,0,1,0,1,0,0,0,0,0,0,0,0,0,0,0
2,110759,John Kennedy,FLU,Atacante,visitante,BAH,11.9,0,0,2,1,0,0,0,0,1,1,0,0,0,0,0,0,0,0,0,0,0
2,111246,Alix Vinicius,RBB,Zagueiro,mandante,CAM,4.4,0,0,0,2,0,0,0,1,0,0,0,0,0,0,0,0,0,0,0,0,0
2,111466,Victor Gabriel,INT,Zagueiro,visitante,FLA,4.7,0,0,3,1,0,0,1,0,0,0,0,0,0,0,0,0,0,0,0,0,0
2,111760,Fabinho,RBB,Meia,mandante,CAM,-0.3,0,0,0,1,0,0,0,0,0,0,0,0,0,0,0,0,0,0,0,0,0
2,111831,Matheus Martins,BOT,Atacante,visitante,GRE,1.2,0,0,0,0,0,0,0,0,0,1,0,0,0,0,0,0,0,0,0,0,0
2,111879,Mateus Silva,VIT,Lateral,visitante,PAL,0.0,0,0,0,0,0,0,0,0,0,0,0,0,0,0,0,0,0,0,0,0,0
2,111945,Diego Hernández,REM,Meia,mandante,MIR,0.8,0,1,1,3,0,0,0,0,0,1,0,0,0,0,0,0,0,0,0,0,0
2,112576,Vini Paulista,CFC,Meia,visitante,CRU,5.3,0,0,3,0,1,0,0,0,0,0,0,0,0,0,0,0,0,0,0,0,0
2,112709,Kaiki Bruno,CRU,Lateral,mandante,CFC,3.2,0,1,3,1,0,0,0,0,0,0,0,0,0,0,0,0,0,0,0,0,0
2,112863,Ramón Sosa,PAL,Atacante,mandante,VIT,9.7,0,0,1,1,0,0,1,0,1,0,0,0,0,0,0,0,0,0,0,0,0
2,112886,Lucas Barbosa,RBB,Atacante,mandante,CAM,3.3,0,0,2,3,0,0,0,0,0,1,0,0,0,0,0,0,0,0,0,0,0
2,112939,Catarozzi,REM,Meia,mandante,MIR,0.9,0,0,1,2,0,0,0,0,0,0,0,0,0,0,0,0,0,0,0,0,0
2,113034,Freytes,FLU,Zagueiro,visitante,BAH,1.0,0,0,0,2,2,0,0,0,0,0,0,0,0,0,0,0,0,0,0,0,0
2,113103,Flaco López,PAL,Atacante,mandante,VIT,4.9,0,0,1,2,1,0,4,0,0,1,0,0,0,0,0,0,0,0,0,0,0
2,113125,Picco,REM,Meia,mandante,MIR,3.6,0,0,2,2,0,0,0,0,0,1,0,0,0,0,0,0,0,0,0,0,0
2,113157,Nathan Mendes,VIT,Lateral,visitante,PAL,1.6,0,1,1,3,0,0,4,0,0,0,0,0,0,0,0,0,0,0,0,0,0
2,113359,Pablo Maia,SAO,Meia,visitante,SAN,5.7,0,0,4,1,0,0,0,0,0,0,0,0,0,0,0,0,0,0,0,0,0
2,113397,Cristian Olivera,BAH,Atacante,mandante,FLU,10.0,0,0,1,0,0,0,1,0,1,0,0,0,0,0,0,0,0,0,0,0,0
2,114802,Vitor Roque,PAL,Atacante,mandante,VIT,4.4,0,0,1,3,1,2,4,0,0,1,0,0,0,0,0,0,0,0,0,0,0
2,115025,Miguelito,SAN,Meia,mandante,SAO,-0.3,0,0,0,1,0,0,0,0,0,0,0,0,0,0,0,0,0,0,0,0,0
2,115479,Paulo Pezzolano,INT,Técnico,visitante,FLA,4.28,0,0,0,0,0,0,0,0,0,0,0,0,0,0,0,0,0,0,0,0,0
2,115914,Evertton Araújo,FLA,Meia,mandante,INT,-0.6,0,0,0,2,0,0,0,0,0,0,0,0,0,0,0,0,0,0,0,0,0
2,115986,Denilson,MIR,Meia,visitante,REM,1.4,0,0,1,2,0,0,1,0,0,0,0,0,0,0,0,0,0,0,0,0,0
2,116034,Victor Hugo,CAM,Meia,visitante,RBB,1.3,0,0,0,0,1,0,1,0,0,0,0,0,0,0,0,0,0,0,0,0,0
2,116066,Rubens,CHA,Atacante,visitante,VAS,0.0,0,0,0,0,0,0,0,0,0,0,0,0,0,0,0,0,0,0,0,0,0
2,116706,Andrés Gómez,VAS,Atacante,mandante,CHA,13.1,0,0,4,2,0,0,3,0,0,1,0,0,0,0,0,0,1,0,0,0,0
2,117330,Robert Renan,VAS,Zagueiro,mandante,CHA,0.9,0,0,1,2,0,0,0,0,0,0,0,0,0,0,0,0,0,0,0,0,0
2,117930,Lavega,CFC,Atacante,visitante,CRU,10.3,0,0,1,0,1,0,0,0,1,0,0,0,0,0,0,0,0,0,0,0,0
2,117965,Martín Anselmi,BOT,Técnico,visitante,GRE,5.02,0,0,0,0,0,0,0,0,0,0,0,0,0,0,0,0,0,0,0,0,0
2,118775,Lautaro Díaz,SAN,Atacante,mandante,SAO,0.5,0,0,0,0,0,0,1,0,0,0,0,0,0,0,0,0,0,0,0,0,0
2,121792,André,GRE,Atacante,mandante,BOT,2.1,0,0,0,1,0,0,0,0,0,2,0,0,0,0,0,0,0,0,0,0,0
2,122394,Gustavinho,RBB,Meia,mandante,CAM,12.2,0,0,2,0,0,0,0,0,1,1,0,0,0,0,0,0,0,0,0,0,0
2,122441,Kayky Almeida,REM,Zagueiro,mandante,MIR,1.5,0,0,1,0,0,0,0,0,0,0,0,0,0,0,0,0,0,0,0,0,0
2,122485,Barros,VAS,Meia,mandante,CHA,5.5,0,0,4,6,1,0,1,0,0,0,0,0,0,0,0,0,0,0,0,0,0
2,123625,Ítalo,CHA,Atacante,visitante,VAS,-0.1,0,0,0,0,0,1,0,0,0,0,0,0,0,0,0,0,0,0,0,0,0
2,123648,Lucas Ronier,CFC,Atacante,visitante,CRU,7.8,0,0,2,4,0,0,2,0,0,0,0,0,0,0,0,0,1,0,0,0,0
2,124239,Henry Mosquera,RBB,Atacante,mandante,CAM,4.8,0,0,1,0,3,1,2,0,0,0,0,0,0,0,0,0,0,0,0,0,0
2,124481,Mateo Ponte,BOT,Lateral,visitante,GRE,-0.8,0,1,0,1,0,0,1,0,0,0,0,0,0,0,0,0,0,0,0,0,0
2,124757,Nathan Fernandes,BOT,Atacante,visitante,GRE,0.0,0,0,0,0,0,0,0,0,0,0,0,0,0,0,0,0,0,0,0,0,0
2,125803,Pedro Morisco,CFC,Goleiro,visitante,CRU,2.9,0,0,0,0,0,0,0,0,0,0,0,3,1,0,0,0,0,0,0,0,0
2,126182,Paulinho,INT,Meia,visitante,FLA,3.0,0,0,1,2,0,1,2,0,0,1,0,0,0,0,0,0,0,0,0,0,0
2,126471,Barreal,SAN,Meia,mandante,SAO,5.6,0,0,1,2,1,0,3,0,0,2,0,0,0,0,0,0,0,0,0,0,0
2,126977,Fernando Seabra,CFC,Técnico,visitante,CRU,5.49,0,0,0,0,0,0,0,0,0,0,0,0,0,0,1,0,0,0,0,0,0
2,128433,Johan Rojas,VAS,Meia,mandante,CHA,0.0,0,0,0,0,0,0,0,0,0,0,0,0,0,0,0,0,0,0,0,0,0
2,130048,Noriega,GRE,Zagueiro,mandante,BOT,4.0,0,0,2,1,1,0,1,0,0,0,0,0,0,0,0,0,0,0,0,0,0
2,130612,Luighi,PAL,Atacante,mandante,VIT,0.0,0,0,0,0,0,0,0,0,0,0,0,0,0,0,0,0,0,0,0,0,0
2,130650,Bernal,FLU,Meia,visitante,BAH,0.0,0,0,0,0,0,0,0,0,0,0,0,0,0,0,0,0,0,0,0,0,0
2,132071,Serna,FLU,Atacante,visitante,BAH,2.5,0,0,0,0,1,0,1,0,0,1,0,0,0,0,0,0,0,0,0,0,0
2,132264,Arroyo,CRU,Atacante,mandante,CFC,0.5,0,0,0,1,1,0,0,0,0,0,0,0,0,0,0,0,0,0,0,0,0
2,132274,Ignacio Sosa,RBB,Meia,mandante,CAM,-1.3,0,1,0,1,0,0,0,0,0,0,0,0,0,0,0,0,0,0,0,0,0
2,132553,Jemmes,FLU,Zagueiro,visitante,BAH,2.2,0,1,2,1,0,0,1,0,0,0,0,0,0,0,0,0,0,0,0,0,0
2,134678,Lawan,VIT,Atacante,visitante,PAL,-0.3,0,0,0,1,0,0,0,0,0,0,0,0,0,0,0,0,0,0,0,0,0
2,136156,Larson,PAL,Meia,mandante,VIT,0.0,0,0,0,0,0,0,0,0,0,0,0,0,0,0,0,0,0,0,0,0,0
2,136955,Sanabria,BAH,Atacante,mandante,FLU,6.8,0,0,0,2,1,1,1,0,0,1,0,0,0,0,0,0,1,0,0,0,0
2,139076,Filipe Luís,FLA,Técnico,mandante,INT,3.26,0,0,0,0,0,0,0,0,0,0,0,0,0,0,0,0,0,0,0,0,0
2,139345,Kauã Prates,CRU,Lateral,mandante,CFC,0.0,0,0,0,0,0,0,0,0,0,0,0,0,0,0,0,0,0,0,0,0,0
2,140438,David,CHA,Meia,visitante,VAS,0.0,0,0,0,0,0,0,0,0,0,0,0,0,0,0,0,0,0,0,0,0,0
2,141451,Allan,PAL,Meia,mandante,VIT,12.2,0,1,2,1,1,0,1,0,1,1,0,0,0,0,0,0,0,0,0,0,0
2,141611,Maik,SAO,Lateral,visitante,SAN,2.9,0,0,2,2,0,0,1,0,0,0,0,0,0,0,0,0,0,0,0,0,0
2,141754,Gabriel Bontempo,SAN,Meia,mandante,SAO,0.0,0,0,0,0,0,0,0,0,0,0,0,0,0,0,0,0,0,0,0,0,0
2,142004,Amuzu,GRE,Atacante,mandante,BOT,11.2,0,0,0,1,0,0,3,0,0,0,0,0,0,0,0,0,2,0,0,0,0
2,142265,Dell,BAH,Atacante,mandante,FLU,-1.0,0,0,0,0,1,0,0,0,0,1,0,0,0,0,0,0,0,0,1,0,0
2,142279,Nuno Moreira,VAS,Meia,mandante,CHA,2.9,0,0,1,1,0,0,1,0,0,1,0,0,0,0,0,0,0,0,0,0,0
2,142484,Barrera,BOT,Meia,visitante,GRE,2.9,0,0,0,2,0,0,1,0,0,0,0,0,0,0,0,1,0,0,0,0,0
2,142890,Montoro,BOT,Meia,visitante,GRE,5.5,0,0,0,0,0,0,1,0,0,0,0,0,0,0,0,0,1,0,0,0,0
2,146040,João Pedro,REM,Atacante,mandante,MIR,10.5,0,0,1,0,0,0,2,0,1,0,0,0,0,0,0,0,0,0,0,0,0
2,146410,Marquinhos,BOT,Meia,visitante,GRE,0.0,0,0,0,0,0,0,0,0,0,0,0,0,0,0,0,0,0,0,0,0,0
2,146623,Luis Pacheco,PAL,Meia,mandante,VIT,0.0,0,0,0,0,0,0,0,0,0,0,0,0,0,0,0,0,0,0,0,0,0
2,147088,Cissé,CAM,Meia,visitante,RBB,0.5,0,0,0,0,0,0,1,0,0,0,0,0,0,0,0,0,0,0,0,0,0
2,147883,João Vitor,VAS,Atacante,mandante,CHA,0.0,0,0,0,0,0,0,0,0,0,0,0,0,0,0,0,0,0,0,0,0,0
2,37656,Fábio,FLU,Goleiro,visitante,BAH,5.5,0,0,0,0,0,0,0,0,0,0,0,5,1,0,0,0,0,0,0,0,0
2,39148,Hulk,CAM,Atacante,visitante,RBB,2.4,0,0,1,0,0,1,2,0,0,0,0,0,0,0,0,0,0,0,0,0,0
2,39656,Alan Franco,CAM,Meia,visitante,RBB,0.2,0,0,0,1,0,0,1,0,0,0,0,0,0,0,0,0,0,0,0,0,0
2,39850,Vagner Mancini,RBB,Técnico,mandante,CAM,6.95,0,0,0,0,0,0,0,0,0,0,0,0,0,0,1,0,0,0,0,0,0
2,40990,Dorival Júnior,COR,Técnico,visitante,CAP,0.0,0,0,0,0,0,0,0,0,0,0,0,0,0,0,0,0,0,0,0,0,0
2,42135,Willian,GRE,Meia,mandante,BOT,5.2,0,0,2,0,0,0,2,0,0,1,0,0,0,0,0,0,0,0,0,0,0
2,42234,Cássio,CRU,Goleiro,mandante,CFC,-2.0,0,0,0,0,0,0,0,0,0,0,0,0,2,0,0,0,0,0,0,0,0
2,42500,Fagner,CRU,Lateral,mandante,CFC,1.5,0,0,1,0,0,0,0,0,0,0,0,0,0,0,0,0,0,0,0,0,0
2,45125,Tite,CRU,Técnico,mandante,CFC,4.15,0,0,0,0,0,0,0,0,0,0,0,0,0,0,0,0,0,0,0,0,0
2,51413,Walter,MIR,Goleiro,visitante,REM,4.5,0,0,0,0,0,0,0,0,0,0,0,5,2,0,0,0,0,0,0,0,0
2,51772,Everton Ribeiro,BAH,Meia,mandante,FLU,1.8,0,0,0,0,1,0,2,0,0,0,0,0,0,0,0,0,0,0,0,0,0
2,61987,Alex Sandro,FLA,Lateral,mandante,INT,4.5,0,0,2,1,1,0,2,0,0,0,0,0,0,0,0,0,0,0,0,0,0
2,62977,Ganso,FLU,Meia,visitante,BAH,0.0,0,0,0,0,0,0,0,0,0,0,0,0,0,0,0,0,0,0,0,0,0
2,63289,Edenílson,GRE,Meia,mandante,BOT,8.0,0,0,0,0,0,0,0,0,1,0,0,0,0,0,0,0,0,0,0,0,0
2,68685,Alan Patrick,INT,Meia,visitante,FLA,2.0,0,0,0,1,1,0,3,0,0,0,0,0,0,0,0,0,0,0,0,0,0
2,68708,Eduardo,MIR,Meia,visitante,REM,2.5,0,0,1,0,0,0,2,0,0,0,0,0,0,0,0,0,0,0,0,0,0
2,68806,Neto,BOT,Goleiro,visitante,GRE,-1.1,0,0,0,0,0,0,0,0,0,0,0,3,5,0,0,0,0,0,0,0,0
2,68899,Philippe Coutinho,VAS,Meia,mandante,CHA,11.4,0,0,0,0,3,0,0,0,0,5,0,0,0,0,0,1,0,0,0,0,0
2,68920,Dudu,CAM,Atacante,visitante,RBB,0.5,0,0,0,0,0,0,1,0,0,0,0,0,0,0,0,0,0,0,0,0,0
2,68928,Rafael,SAO,Goleiro,visitante,SAN,2.9,0,0,0,0,0,0,0,0,0,0,0,3,1,0,0,0,0,0,0,0,0
2,68938,Giovanni Augusto,CHA,Meia,visitante,VAS,0.9,0,0,0,2,0,0,3,0,0,0,0,0,0,0,0,0,0,0,0,0,0
2,68996,Willian José,BAH,Atacante,mandante,FLU,0.8,0,0,0,0,1,0,0,0,0,0,0,0,0,0,0,0,0,0,0,0,0
2,69140,Allan,BOT,Meia,visitante,GRE,-0.8,0,1,0,1,0,0,1,0,0,0,0,0,0,0,0,0,0,0,0,0,0
2,70164,Lucas Moura,SAO,Meia,visitante,SAN,6.7,0,0,0,0,0,0,1,0,0,1,0,0,0,0,0,0,1,0,0,0,0
2,70360,Eduardo Sasha,RBB,Atacante,mandante,CAM,1.0,0,0,0,0,0,0,2,0,0,0,0,0,0,0,0,0,0,0,0,0,0
2,70449,Gabriel,VIT,Goleiro,visitante,PAL,-2.4,0,0,0,0,0,0,0,0,0,0,0,2,5,0,0,0,0,0,0,0,0
2,70666,Marllon,REM,Zagueiro,mandante,MIR,2.4,0,0,2,2,0,0,0,0,0,0,0,0,0,0,0,0,0,0,0,0,0
2,70800,Jorge Sampaoli,CAM,Técnico,visitante,RBB,2.63,0,0,0,0,0,0,0,0,0,0,0,0,0,0,0,0,0,0,0,0,0
2,70944,Bruno Henrique,INT,Meia,visitante,FLA,1.4,0,0,1,2,0,0,1,0,0,0,0,0,0,0,0,0,0,0,0,0,0
2,70958,Jean Carlos,CHA,Meia,visitante,VAS,8.5,0,0,0,0,0,0,1,0,1,0,0,0,0,0,0,0,0,0,0,0,0
2,71043,Léo Vieira,CHA,Goleiro,visitante,VAS,13.0,0,0,0,0,0,0,2,0,0,0,0,10,1,0,0,0,0,0,0,0,0
2,71123,Thiago Mendes,VAS,Meia,mandante,CHA,4.0,0,0,1,0,0,0,5,0,0,0,0,0,0,0,0,0,0,0,0,0,0
2,71227,Maicon,CFC,Zagueiro,visitante,CRU,0.0,0,0,0,0,0,0,0,0,0,0,0,0,0,0,0,0,0,0,0,0,0
2,71631,Weverton,GRE,Goleiro,mandante,BOT,-1.7,0,0,0,0,0,0,0,0,0,0,0,1,3,0,0,0,0,0,0,0,0
2,71684,Gustavo Gómez,PAL,Zagueiro,mandante,VIT,8.5,0,0,0,1,1,0,0,0,1,0,0,0,0,0,0,0,0,0,0,0,0
2,72294,Everson,CAM,Goleiro,visitante,RBB,4.2,0,0,0,0,0,0,0,0,0,0,0,4,1,0,0,0,0,0,0,0,0
2,72391,Fernando Diniz,VAS,Técnico,mandante,CHA,5.73,0,0,0,0,0,0,0,0,0,0,0,0,0,0,0,0,0,0,0,0,0
2,72460,Bernard,CAM,Meia,visitante,RBB,3.0,0,0,2,0,0,0,0,0,0,0,0,0,0,0,0,0,0,0,0,0,0
2,72493,Alex Telles,BOT,Lateral,visitante,GRE,-0.1,0,0,1,2,0,0,0,0,0,0,0,0,0,1,0,0,0,0,0,0,0
2,72951,Mercado,INT,Zagueiro,visitante,FLA,2.0,0,1,2,0,0,0,0,0,0,0,0,0,0,0,0,0,0,0,0,0,0
2,73384,Samuel Xavier,FLU,Lateral,visitante,BAH,3.5,0,0,2,0,0,0,1,0,0,0,0,0,0,0,0,0,0,0,0,0,0
2,73481,Gilmar Dal Pozzo,CHA,Técnico,visitante,VAS,3.66,0,0,0,0,0,0,0,0,0,0,0,0,0,0,0,0,0,0,0,0,0
2,73717,Juan Carlos Osorio,REM,Técnico,mandante,MIR,5.85,0,0,0,0,0,0,0,0,0,0,0,0,0,0,0,0,0,0,0,0,0
2,77777,João Schmidt,SAN,Meia,mandante,SAO,3.3,0,1,2,1,2,0,0,0,0,0,0,0,0,0,0,0,0,0,0,0,0
2,78445,Renê,FLU,Lateral,visitante,BAH,8.2,0,0,5,1,0,0,2,0,0,0,0,0,0,0,0,0,0,0,0,0,0
2,78605,Gabriel,RBB,Meia,mandante,CAM,3.9,0,1,2,1,0,0,2,0,0,1,0,0,0,0,0,0,0,0,0,0,0
2,78850,Reinaldo,MIR,Lateral,visitante,REM,2.0,0,0,1,0,0,0,1,0,0,0,0,0,0,0,0,0,0,0,0,0,0
2,78855,Thiago Santos,CFC,Zagueiro,visitante,CRU,0.0,0,0,0,0,0,0,0,0,0,0,0,0,0,0,0,0,0,0,0,0,0
2,79701,Lucas Silva,CRU,Meia,mandante,CFC,0.0,0,0,0,0,0,0,0,0,0,0,0,0,0,0,0,0,0,0,0,0,0
2,80196,Yago Pikachu,REM,Meia,mandante,MIR,1.4,0,0,0,1,0,0,1,0,0,1,0,0,0,0,0,0,0,0,0,0,0
2,80287,Luciano,SAO,Atacante,visitante,SAN,4.8,0,0,2,0,1,0,2,0,0,0,0,0,0,0,0,0,0,0,0,0,0
2,80313,Gilberto,BAH,Lateral,mandante,FLU,3.8,0,0,2,0,1,0,0,0,0,0,0,0,0,0,0,0,0,0,0,0,0
2,81150,Mayke,SAN,Lateral,mandante,SAO,1.2,0,0,0,1,0,0,3,0,0,0,0,0,0,0,0,0,0,0,0,0,0
2,81952,Willian Oliveira,CFC,Meia,visitante,CRU,1.4,0,0,1,3,1,0,0,0,0,0,0,0,0,0,0,0,0,0,0,0,0
2,82455,Zé Rafael,SAN,Meia,mandante,SAO,10.1,0,1,2,3,0,0,2,0,1,0,0,0,0,0,0,0,0,0,0,0,0
2,82628,Tinga,CFC,Lateral,visitante,CRU,3.2,0,0,2,1,0,0,1,0,0,0,0,0,0,0,0,0,0,0,0,0,0
2,82730,Marcelo Rangel,REM,Goleiro,mandante,MIR,3.2,0,0,0,0,0,0,0,0,0,0,0,4,2,0,0,0,0,0,0,0,0
2,83257,Gabriel,SAN,Atacante,mandante,SAO,2.1,0,0,0,0,1,2,3,0,0,0,0,0,0,0,0,0,0,0,0,0,0
2,83263,Yuri Lara,MIR,Meia,visitante,REM,4.4,0,0,2,1,0,0,1,0,0,1,0,0,0,0,0,0,0,0,0,0,0
2,83433,Patrick,REM,Meia,mandante,MIR,1.5,0,0,1,0,0,0,0,0,0,0,0,0,0,0,0,0,0,0,0,0,0
2,83528,Léo Pereira,FLA,Zagueiro,mandante,INT,-0.3,0,0,0,1,0,0,0,0,0,0,0,0,0,0,0,0,0,0,0,0,0
2,83786,Neris,VIT,Zagueiro,visitante,PAL,1.5,0,0,1,0,0,0,0,0,0,0,0,0,0,0,0,0,0,0,0,0,0
2,84339,Bruno Melo,CFC,Lateral,visitante,CRU,4.6,0,0,0,1,0,1,0,0,0,0,0,0,0,0,0,0,1,0,0,0,0
2,84428,Fernando Sobral,CFC,Meia,visitante,CRU,3.0,0,0,2,0,0,0,0,0,0,0,0,0,0,0,0,0,0,0,0,0,0
2,84558,Lucas Romero,CRU,Meia,mandante,CFC,5.0,0,0,0,0,0,0,0,0,0,0,0,0,0,0,0,0,1,0,0,0,0
2,84816,Varela,FLA,Lateral,mandante,INT,-0.3,0,1,0,1,0,0,0,0,0,0,1,0,0,0,0,0,0,0,0,0,0
2,84847,Luan Peres,SAN,Zagueiro,mandante,SAO,-0.1,0,0,0,2,0,0,1,0,0,0,0,0,0,0,0,0,0,0,0,0,0
2,85403,Danielzinho,SAO,Meia,visitante,SAN,6.2,0,0,3,1,0,0,4,0,0,0,0,0,0,0,0,0,0,0,0,0,0
2,86485,Keno,CFC,Atacante,visitante,CRU,-0.6,0,0,0,2,0,0,0,0,0,0,0,0,0,0,0,0,0,0,0,0,0
2,86757,Everton,FLA,Atacante,mandante,INT,3.4,0,0,0,0,3,0,2,0,0,0,0,0,0,0,0,0,0,0,0,0,0
2,86859,José Welison,REM,Meia,mandante,MIR,0.8,0,0,0,0,1,0,0,0,0,0,0,0,0,0,0,0,0,0,0,0,0
2,87008,Léo Jardim,VAS,Goleiro,mandante,CHA,-1.0,0,0,0,0,0,0,0,0,0,0,0,0,1,0,0,0,0,0,0,0,0
2,87225,Pedro Henrique,RBB,Zagueiro,mandante,CAM,5.5,0,0,0,0,0,0,1,1,0,0,0,0,0,0,0,0,0,0,0,0,0
2,87228,Guilherme Arana,FLU,Lateral,visitante,BAH,0.8,0,0,0,0,1,0,0,0,0,0,0,0,0,0,0,0,0,0,0,0,0
2,87552,Vitor Bueno,REM,Meia,mandante,MIR,3.5,0,0,2,0,0,0,1,0,0,0,0,0,0,0,0,0,0,0,0,0,0
2,87863,Arrascaeta,FLA,Meia,mandante,INT,8.4,0,0,0,2,0,0,2,0,1,0,0,0,0,0,0,0,0,0,0,0,0
2,87887,Balbuena,GRE,Zagueiro,mandante,BOT,1.5,0,0,1,0,0,0,0,0,0,0,0,0,0,0,0,0,0,0,0,0,0
2,87999,Gustavo Scarpa,CAM,Meia,visitante,RBB,0.0,0,0,0,0,0,0,0,0,0,0,0,0,0,0,0,0,0,0,0,0,0
2,88037,Luís Castro,GRE,Técnico,mandante,BOT,8.65,0,0,0,0,0,0,0,0,0,0,0,0,0,0,1,0,0,0,0,0,0
2,88312,Junior Alonso,CAM,Zagueiro,visitante,RBB,4.5,0,0,2,0,0,0,3,0,0,0,0,0,0,0,0,0,0,0,0,0,0
2,89256,Gerson,CRU,Meia,mandante,CFC,4.0,0,0,2,0,0,0,2,0,0,0,0,0,0,0,0,0,0,0,0,0,0
2,89273,João Pedro,GRE,Lateral,mandante,BOT,1.4,0,0,1,2,0,0,1,0,0,0,0,0,0,0,0,0,0,0,0,0,0
2,89274,Andreas Pereira,PAL,Meia,mandante,VIT,16.5,0,0,1,0,0,0,0,0,0,0,0,0,0,0,0,0,3,0,0,0,0
2,89275,William,CRU,Lateral,mandante,CFC,1.9,0,0,1,2,0,0,2,0,0,0,0,0,0,0,0,0,0,0,0,0,0
2,89637,Thiago Maia,INT,Meia,visitante,FLA,1.5,0,0,1,0,0,0,0,0,0,0,0,0,0,0,0,0,0,0,0,0,0
2,89837,Lucho Acosta,FLU,Meia,visitante,BAH,4.4,0,0,2,4,2,0,2,0,0,0,0,0,0,0,0,0,0,0,0,0,0
2,89840,Calleri,SAO,Atacante,visitante,SAN,11.0,0,0,1,1,1,0,2,0,1,0,0,0,0,0,0,0,0,0,0,0,0
2,89883,Dodi,GRE,Meia,mandante,BOT,1.2,0,0,1,1,0,0,0,0,0,0,0,0,0,0,0,0,0,0,0,0,0
2,89918,Everton Galdino,MIR,Atacante,visitante,REM,1.2,0,0,0,0,0,0,0,0,0,1,0,0,0,0,0,0,0,0,0,0,0
2,90285,Bruno Henrique,FLA,Atacante,mandante,INT,2.3,0,0,1,1,0,1,0,0,0,1,0,0,0,0,0,0,0,0,0,0,0
2,90302,Pedro Rocha,CFC,Atacante,visitante,CRU,0.4,0,1,0,4,2,0,2,0,0,0,0,0,0,0,0,0,0,0,0,0,0
2,90309,David,VAS,Atacante,mandante,CHA,1.2,0,0,0,0,0,0,0,0,0,1,0,0,0,0,0,0,0,0,0,0,0
2,90532,Arthur Melo,GRE,Meia,mandante,BOT,6.0,0,0,3,0,0,0,3,0,0,0,0,0,0,0,0,0,0,0,0,0,0
2,90588,Caíque,VIT,Meia,visitante,PAL,2.2,0,0,1,2,1,0,1,0,0,0,0,0,0,0,0,0,0,0,0,0,0
2,90703,Matheuzinho,VIT,Meia,visitante,PAL,0.0,0,0,0,0,0,0,0,0,0,0,0,0,0,0,0,0,0,0,0,0,0
2,90768,Fabrício Bruno,CRU,Zagueiro,mandante,CFC,4.8,0,1,3,0,1,0,1,0,0,0,0,0,0,0,0,0,0,0,0,0,0
2,90917,Carlos Eduardo,MIR,Atacante,visitante,REM,0.8,0,0,0,0,0,2,2,0,0,0,0,0,0,0,0,0,0,0,0,0,0
2,90943,Zé Marcos,VIT,Zagueiro,visitante,PAL,1.4,0,0,1,2,0,0,1,0,0,0,0,0,0,0,0,0,0,0,0,0,0
2,91101,Ronaldo,BAH,Goleiro,mandante,FLU,2.9,0,0,0,0,0,0,0,0,0,0,0,3,1,0,0,0,0,0,0,0,0
2,91251,Rodrigues,MIR,Zagueiro,visitante,REM,2.0,0,0,1,0,0,0,1,0,0,0,0,0,0,0,0,0,0,0,0,0,0
2,91473,Erick Pulgar,FLA,Meia,mandante,INT,-0.4,0,0,0,3,0,0,1,0,0,0,0,0,0,0,0,0,0,0,0,0,0
2,91573,Arboleda,SAO,Zagueiro,visitante,SAN,3.6,0,0,3,3,0,0,0,0,0,0,0,0,0,0,0,0,0,0,0,0,0
2,91607,Rony,SAN,Atacante,mandante,SAO,0.2,0,1,0,1,0,0,3,0,0,0,0,0,0,0,0,0,0,0,0,0,0
2,91706,Marlon,GRE,Lateral,mandante,BOT,4.4,0,0,3,2,0,0,1,0,0,0,0,0,0,0,0,0,0,0,0,0,0
2,91772,David Duarte,BAH,Zagueiro,mandante,FLU,4.3,0,0,3,0,0,2,0,0,0,0,0,0,0,0,0,0,0,0,0,0,0
2,91908,Pavón,GRE,Atacante,mandante,BOT,0.0,0,0,0,0,0,0,0,0,0,0,0,0,0,0,0,0,0,0,0,0,0
2,92171,Arthur Cabral,BOT,Atacante,visitante,GRE,8.9,0,0,0,2,0,0,3,0,1,0,0,0,0,0,0,0,0,0,0,0,0
2,92180,Jair Ventura,VIT,Técnico,visitante,PAL,3.41,0,0,0,0,0,0,0,0,0,0,0,0,0,0,0,0,0,0,0,0,0
2,92273,Odair Hellmann,CAP,Técnico,mandante,COR,0.0,0,0,0,0,0,0,0,0,0,0,0,0,0,0,0,0,0,0,0,0,0
2,92811,Bruno Rodrigues,PAL,Atacante,mandante,VIT,0.0,0,0,0,0,0,0,0,0,0,0,0,0,0,0,0,0,0,0,0,0,0
2,92854,Borré,INT,Atacante,visitante,FLA,8.7,0,0,0,1,0,0,2,0,1,0,0,0,0,0,0,0,0,0,0,0,0
2,92981,Ronaldo,INT,Meia,visitante,FLA,0.7,0,1,1,2,1,0,0,0,0,0,0,0,0,0,0,0,0,0,0,0,0
2,93372,João Basso,SAN,Zagueiro,mandante,SAO,2.3,0,0,1,0,1,0,0,0,0,0,0,0,0,0,0,0,0,0,0,0,0
2,93411,Cantalapiedra,VIT,Meia,visitante,PAL,4.5,0,0,2,2,0,1,2,0,0,1,0,0,0,0,0,0,0,0,0,0,0
2,93478,Wanderson,CRU,Atacante,mandante,CFC,1.8,0,0,0,1,2,0,1,0,0,0,0,0,0,0,0,0,0,0,0,0,0
2,93790,Marlon Freitas,PAL,Meia,mandante,VIT,1.2,0,0,1,1,0,0,0,0,0,0,0,0,0,0,0,0,0,0,0,0,0
2,93882,Cleiton,RBB,Goleiro,mandante,CAM,6.3,0,0,0,0,0,0,0,1,0,0,0,1,0,0,0,0,0,0,0,0,0
2,93988,Breno Lopes,CFC,Atacante,visitante,CRU,11.2,0,0,1,0,1,1,2,0,1,0,0,0,0,0,0,0,0,0,0,0,0
2,94067,Matheus Fernandes,RBB,Meia,mandante,CAM,2.8,0,0,1,1,2,0,0,0,0,0,0,0,0,0,0,0,0,0,0,0,0
2,94154,Maycon,CAM,Meia,visitante,RBB,2.7,0,0,2,1,0,0,0,0,0,0,0,0,0,0,0,0,0,0,0,0,0
2,94583,Pedro,FLA,Atacante,mandante,INT,0.2,0,0,0,1,0,0,1,0,0,0,0,0,0,0,0,0,0,0,0,0,0
2,94930,Lucas Paquetá,FLA,Meia,mandante,INT,5.6,0,1,3,3,1,0,2,0,0,1,0,0,0,0,0,0,0,0,0,0,0
2,94968,Juninho Capixaba,RBB,Lateral,mandante,CAM,8.9,0,0,3,2,0,0,0,1,0,0,0,0,0,0,0,0,0,0,0,0,0
2,95332,Marcinho,CHA,Atacante,visitante,VAS,1.8,0,0,0,0,1,0,2,0,0,0,0,0,0,0,0,0,0,0,0,0,0
2,95620,Bruno Leonardo,CHA,Zagueiro,visitante,VAS,0.5,0,0,0,0,0,0,1,0,0,0,0,0,0,0,0,0,0,0,0,0,0
2,95799,Artur,BOT,Atacante,visitante,GRE,2.0,0,0,0,1,1,0,3,0,0,0,0,0,0,0,0,0,0,0,0,0,0
2,96340,Lima,FLU,Meia,visitante,BAH,-1.3,0,1,0,1,0,0,0,0,0,0,0,0,0,0,0,0,0,0,0,0,0
2,96591,Renan Lodi,CAM,Lateral,visitante,RBB,2.7,0,1,2,1,1,3,1,0,0,0,0,0,0,0,0,0,0,0,0,0,0
2,96610,Matheus Pereira,CRU,Meia,mandante,CFC,12.7,0,1,1,2,2,0,4,0,1,1,0,0,0,0,0,0,0,0,0,0,0
2,96870,Emerson Royal,FLA,Lateral,mandante,INT,2.0,0,0,1,0,0,0,1,0,0,0,0,0,0,0,0,0,0,0,0,0,0
2,97095,Carlos Cuesta,VAS,Zagueiro,mandante,CHA,0.9,0,0,1,2,0,0,0,0,0,0,0,0,0,0,0,0,0,0,0,0,0
2,97321,Alesson,MIR,Atacante,visitante,REM,4.5,0,0,2,0,0,0,3,0,0,0,0,0,0,0,0,0,0,0,0,0,0
2,97341,Rogério Ceni,BAH,Técnico,mandante,FLU,4.72,0,0,0,0,0,0,0,0,0,0,0,0,0,0,0,0,0,0,0,0,0
2,97432,Victor Caetano,CHA,Zagueiro,visitante,VAS,5.0,0,0,3,0,0,0,1,0,0,0,0,0,0,0,0,0,0,0,0,0,0
2,97460,João Victor,MIR,Zagueiro,visitante,REM,4.4,0,0,0,2,0,0,0,0,0,0,0,0,0,0,0,0,1,0,0,0,0
2,97642,Félix Torres,INT,Zagueiro,visitante,FLA,0.0,0,0,0,0,0,0,0,0,0,0,0,0,0,0,0,0,0,0,0,0,0
2,97653,Murilo,PAL,Zagueiro,mandante,VIT,16.0,0,0,2,0,0,0,0,0,1,0,0,0,0,0,0,0,1,0,0,0,0
2,97810,Erick,VIT,Atacante,visitante,PAL,0.5,0,0,0,0,0,0,1,0,0,0,0,0,0,0,0,0,0,0,0,0,0
2,97867,Léo Ortiz,FLA,Zagueiro,mandante,INT,2.7,0,0,2,1,0,0,0,0,0,0,0,0,0,0,0,0,0,0,0,0,0
2,97878,Jacy,CFC,Zagueiro,visitante,CRU,-1.3,0,1,0,1,0,0,0,0,0,0,0,0,0,0,0,0,0,0,0,0,0
2,97906,Riccieli,VIT,Zagueiro,visitante,PAL,2.0,0,0,1,1,1,0,0,0,0,0,0,0,0,0,0,0,0,0,0,0,0
2,98022,Erick,BAH,Meia,mandante,FLU,0.2,0,0,0,1,0,0,1,0,0,0,0,0,0,0,0,0,0,0,0,0,0
2,98384,Negueba,MIR,Atacante,visitante,REM,5.5,0,1,2,0,1,0,3,0,0,1,0,0,0,0,0,0,0,0,0,0,0
2,98517,Jean Lucas,BAH,Meia,mandante,FLU,2.4,0,0,1,1,0,0,0,0,0,1,0,0,0,0,0,0,0,0,0,0,0
2,98873,Samuel Lino,FLA,Atacante,mandante,INT,-0.3,0,1,0,1,0,0,2,0,0,0,0,0,0,0,0,0,0,0,0,0,0
2,98909,Cuello,CAM,Atacante,visitante,RBB,5.0,0,0,1,2,0,1,0,0,0,1,0,0,0,0,0,1,0,0,0,0,0
2,99213,Puma Rodríguez,VAS,Lateral,mandante,CHA,8.9,0,0,0,1,0,0,0,0,1,1,0,0,0,0,0,0,0,0,0,0,0
2,99228,De la Cruz,FLA,Meia,mandante,INT,3.1,0,1,2,3,0,0,4,0,0,0,0,0,0,0,0,0,0,0,0,0,0
2,99274,Alexander Barboza,BOT,Zagueiro,visitante,GRE,10.8,0,1,2,4,0,0,0,0,0,0,0,0,0,0,0,0,2,0,0,0,0
2,99366,Luis Zubeldía,FLU,Técnico,visitante,BAH,4.3,0,0,0,0,0,0,0,0,0,0,0,0,0,0,0,0,0,0,0,0,0
2,99440,Baralhas,VIT,Meia,visitante,PAL,2.7,0,0,1,2,1,0,2,0,0,0,0,0,0,0,0,0,0,0,0,0,0
2,99552,Rossi,FLA,Goleiro,mandante,INT,2.9,0,0,0,0,0,0,0,0,0,0,0,3,1,0,0,0,0,0,0,0,0
2,99789,Brenner,VAS,Atacante,mandante,CHA,8.9,0,0,0,1,1,0,0,0,0,2,0,0,0,0,0,2,0,0,0,0,0
2,99889,Alan Franco,SAO,Zagueiro,visitante,SAN,-1.6,0,1,0,2,0,0,0,0,0,0,0,0,0,0,0,0,0,0,0,0,0
3,100084,Igor Gomes,CAM,Meia,mandante,REM,0.7,0,0,0,1,0,0,2,0,0,0,0,0,0,0,0,0,0,0,0,0,0
3,100342,Léo Andrade,REM,Zagueiro,visitante,CAM,1.2,0,0,1,1,0,0,0,0,0,0,0,0,0,0,0,0,0,0,0,0,0
3,100652,Yuri Alberto,COR,Atacante,mandante,RBB,3.0,0,0,0,2,1,1,1,0,0,2,0,0,0,0,0,0,0,0,0,0,0
3,100695,Fernando,RBB,Atacante,visitante,COR,-0.3,0,0,0,1,0,0,0,0,0,0,0,0,0,0,0,0,0,0,0,0,0
3,100742,Matheus Henrique,CRU,Meia,visitante,MIR,1.5,0,0,0,0,0,0,3,0,0,0,0,0,0,0,0,0,0,0,0,0,0
3,100842,Ruan,CAM,Zagueiro,mandante,REM,10.2,0,0,1,1,0,0,2,0,1,0,0,0,0,0,0,0,0,0,0,0,0
3,100898,Vitinho,BOT,Lateral,visitante,FLU,5.0,0,0,3,0,0,0,1,0,0,0,0,0,0,0,0,0,0,0,0,0,0
3,101254,Alef Manga,REM,Atacante,visitante,CAM,10.7,0,0,1,0,2,4,0,0,1,0,0,0,0,0,0,0,0,0,0,0,0
3,101290,Ferreira,SAO,Atacante,mandante,GRE,0.3,0,1,0,0,1,0,1,0,0,0,0,0,0,0,0,0,0,0,0,0,0
3,101314,Ademir,BAH,Atacante,visitante,VAS,3.0,0,0,1,0,0,0,3,0,0,0,0,0,0,0,0,0,0,0,0,0,0
3,101319,Guga,FLU,Lateral,mandante,BOT,3.7,0,1,0,1,0,0,0,1,0,0,0,0,0,0,0,0,0,0,0,0,0
3,101393,Eduardo Doma,CHA,Zagueiro,mandante,CFC,8.5,0,0,0,0,0,0,1,0,1,0,0,0,0,0,0,0,0,0,0,0,0
3,101574,Hugo Souza,COR,Goleiro,mandante,RBB,15.9,0,0,0,0,0,0,0,1,0,0,0,3,0,0,0,0,0,0,0,1,0
3,101715,Alerrandro,INT,Atacante,mandante,PAL,-0.3,0,0,0,1,0,0,0,0,0,0,0,0,0,0,0,0,0,0,0,0,0
3,101727,Matheuzinho,COR,Lateral,mandante,RBB,7.2,0,0,1,1,0,0,2,1,0,0,0,0,0,0,0,0,0,0,0,0,0
3,101908,Willian Machado,MIR,Zagueiro,mandante,CRU,2.7,0,0,1,0,0,0,0,0,0,1,0,0,0,0,0,0,0,0,0,0,0
3,101960,Vitinho,INT,Atacante,mandante,PAL,6.0,0,0,3,2,2,0,1,0,0,0,0,0,0,0,0,0,0,0,0,0,0
3,102130,Piquerez,PAL,Lateral,visitante,INT,6.2,0,0,3,0,0,0,1,0,0,1,0,0,0,0,0,0,0,0,0,0,0
3,102256,Rollheiser,SAN,Meia,visitante,CAP,0.0,0,0,0,0,0,0,0,0,0,0,0,0,0,0,0,0,0,0,0,0,0
3,102667,Nathan Fogaça,MIR,Atacante,mandante,CRU,11.6,0,0,0,2,0,0,0,0,1,1,0,0,0,0,0,1,0,0,0,0,0
3,102796,Julimar,CAP,Atacante,mandante,SAN,14.4,0,0,3,1,0,0,2,0,1,1,0,0,0,0,0,0,0,0,0,0,0
3,102911,Zé Ricardo,REM,Meia,visitante,CAM,5.4,0,0,4,2,0,0,0,0,0,0,0,0,0,0,0,0,0,0,0,0,0
3,102928,Canobbio,FLU,Atacante,mandante,BOT,1.0,0,1,1,4,1,1,2,0,0,0,0,0,0,0,0,1,0,0,1,0,0
3,103056,Gabriel Brazão,SAN,Goleiro,visitante,CAP,3.6,0,0,0,0,0,0,1,0,0,1,0,3,2,0,0,0,0,0,0,0,0
3,103295,Eric Ramires,RBB,Meia,visitante,COR,0.2,0,0,0,1,0,0,1,0,0,0,0,0,0,0,0,0,0,0,0,0,0
3,103445,Kaio Jorge,CRU,Atacante,visitante,MIR,9.2,0,0,0,0,0,0,0,0,1,1,0,0,0,0,0,0,0,0,0,0,0
3,103767,Gabriel Menino,SAN,Meia,visitante,CAP,5.9,0,0,3,2,0,0,4,0,0,0,0,0,0,0,0,0,0,0,0,0,0
3,103912,Hernán Crespo,SAO,Técnico,mandante,GRE,8.469999999999999,0,0,0,0,0,0,0,0,0,0,0,0,0,0,1,0,0,0,0,0,0
3,103987,Higor Meritão,CHA,Meia,mandante,CFC,3.4,0,1,2,1,0,0,1,0,0,1,0,0,0,0,0,0,0,0,0,0,0
3,104027,Rafael Guanaes,MIR,Técnico,mandante,CRU,3.75,0,0,0,0,0,0,0,0,0,0,0,0,0,0,0,0,0,0,0,0,0
3,104075,Sabino,SAO,Zagueiro,mandante,GRE,10.0,0,0,3,0,0,0,1,1,0,0,0,0,0,0,0,0,0,0,0,0,0
3,104084,Carlos Miguel,PAL,Goleiro,visitante,INT,3.9,0,0,0,0,0,0,2,0,0,0,0,3,1,0,0,0,0,0,0,0,0
3,104257,João Lucas,REM,Lateral,visitante,CAM,1.1,0,0,1,3,0,0,1,0,0,0,0,0,0,0,0,0,0,0,0,0,0
3,104470,Everton,CHA,Lateral,mandante,CFC,6.4,0,1,0,0,3,0,0,0,0,0,0,0,0,0,0,0,1,0,0,0,0
3,104502,Christian,CRU,Meia,visitante,MIR,5.7,0,0,3,0,0,0,0,0,0,1,0,0,0,0,0,0,0,0,0,0,0
3,104519,Camilo,CHA,Meia,mandante,CFC,3.5,0,0,2,0,0,0,1,0,0,0,0,0,0,0,0,0,0,0,0,0,0
3,104666,Moisés,SAN,Atacante,visitante,CAP,1.2,0,0,0,0,0,0,0,0,0,1,0,0,0,0,0,0,0,0,0,0,0
3,104693,Newton,BOT,Meia,visitante,FLU,5.2,0,1,4,1,0,0,1,0,0,0,0,0,0,0,0,0,0,0,0,0,0
3,104754,Juan Vojvoda,SAN,Técnico,visitante,CAP,4.25,0,0,0,0,0,0,0,0,0,0,0,0,0,0,0,0,0,0,0,0,0
3,104758,Enzo Díaz,SAO,Lateral,mandante,GRE,12.8,0,0,4,1,2,0,1,1,0,0,0,0,0,0,0,0,0,0,0,0,0
3,104783,Acevedo,BAH,Meia,visitante,VAS,2.9,0,1,3,2,0,0,0,0,0,0,0,0,0,0,0,0,0,0,0,0,0
3,104994,Wagner Leonardo,GRE,Zagueiro,visitante,SAO,-0.1,0,0,2,2,0,0,1,0,0,0,0,0,0,0,0,0,0,0,1,0,0
3,105047,João Marcelo,CRU,Zagueiro,visitante,MIR,3.0,0,0,2,0,0,0,0,0,0,0,0,0,0,0,0,0,0,0,0,0,0
3,105068,Reinier,CAM,Meia,mandante,REM,3.9,0,0,0,1,0,0,0,0,0,1,0,0,0,0,0,1,0,0,0,0,0
3,105089,Tetê,GRE,Atacante,visitante,SAO,5.3,0,0,3,0,1,0,0,0,0,0,0,0,0,0,0,0,0,0,0,0,0
3,105175,Khellven,PAL,Lateral,visitante,INT,2.0,0,0,1,0,0,0,1,0,0,0,0,0,0,0,0,0,0,0,0,0,0
3,105300,Ferraresi,SAO,Zagueiro,mandante,GRE,6.5,0,0,1,0,0,0,0,1,0,0,0,0,0,0,0,0,0,0,0,0,0
3,105373,Gabriel Xavier,BAH,Zagueiro,visitante,VAS,6.5,0,0,1,0,0,0,0,1,0,0,0,0,0,0,0,0,0,0,0,0,0
3,105531,Matheus Bidu,COR,Lateral,mandante,RBB,19.0,0,1,2,1,1,0,7,1,1,0,0,0,0,0,0,0,0,0,0,0,0
3,105563,Carlos Vinícius,GRE,Atacante,visitante,SAO,0.7,0,0,0,2,1,0,1,0,0,0,0,0,0,0,0,0,0,0,0,0,0
3,105584,Lucas Piton,VAS,Lateral,mandante,BAH,-0.3,0,0,0,1,0,0,0,0,0,0,0,0,0,0,0,0,0,0,0,0,0
3,105647,Maurício,PAL,Meia,visitante,INT,4.1,0,0,1,0,2,0,2,0,0,0,0,0,0,0,0,0,0,0,0,0,0
3,105664,Walter Clar,CHA,Lateral,mandante,CFC,15.0,0,0,1,1,1,0,0,0,1,0,0,0,0,0,0,0,1,0,0,0,0
3,105903,Aldo Filho,MIR,Meia,mandante,CRU,1.9,0,1,1,2,1,0,0,0,0,1,0,0,0,0,0,0,0,0,0,0,0
3,105949,Rochet,INT,Goleiro,mandante,PAL,2.2,0,0,0,0,0,0,0,0,0,0,0,4,3,0,0,0,0,0,0,0,0
3,105990,Santiago Mingo,BAH,Zagueiro,visitante,VAS,6.5,0,0,1,0,0,0,0,1,0,0,0,0,0,0,0,0,0,0,0,0,0
3,106104,Enamorado,GRE,Atacante,visitante,SAO,3.4,0,0,1,1,0,0,2,0,0,1,0,0,0,0,0,0,0,0,0,0,0
3,106202,Bruno Gomes,INT,Meia,mandante,PAL,10.0,0,0,4,1,1,0,1,0,0,0,0,0,0,0,0,1,0,0,0,0,0
3,106294,Marcos Antônio,SAO,Meia,mandante,GRE,0.9,0,0,1,2,0,0,0,0,0,0,0,0,0,0,0,0,0,0,0,0,0
3,106302,Preciado,CAM,Lateral,mandante,REM,-0.3,0,0,0,1,0,0,0,0,0,0,0,0,0,0,0,0,0,0,0,0,0
3,106323,Caio Alexandre,BAH,Meia,visitante,VAS,-1.3,0,1,0,1,0,0,0,0,0,0,0,0,0,0,0,0,0,0,0,0,0
3,106708,Igor Formiga,MIR,Lateral,mandante,CRU,1.5,0,0,1,0,0,0,0,0,0,0,0,0,0,0,0,0,0,0,0,0,0
3,107093,Luciano Juba,BAH,Lateral,visitante,VAS,16.5,0,0,1,0,1,0,0,1,1,1,0,0,0,0,0,0,0,0,0,0,0
3,107172,Patrick de Paula,REM,Meia,visitante,CAM,14.0,0,0,1,2,2,0,3,0,0,0,0,0,0,0,0,0,2,0,0,0,0
3,107231,Danilo,BOT,Meia,visitante,FLU,3.5,0,0,0,1,1,0,0,0,0,0,0,0,0,0,0,1,0,0,0,0,0
3,107873,Bobadilla,SAO,Meia,mandante,GRE,0.0,0,0,0,0,0,0,0,0,0,0,0,0,0,0,0,0,0,0,0,0,0
3,107985,Terán,CAP,Zagueiro,mandante,SAN,0.2,0,0,0,1,0,0,1,0,0,0,0,0,0,0,0,0,0,0,0,0,0
3,107989,Carbonero,INT,Atacante,mandante,PAL,5.6,0,0,1,0,3,0,1,0,0,1,0,0,0,0,0,0,0,0,0,0,0
3,108131,Garcez,CHA,Atacante,mandante,CFC,3.3,0,0,1,0,1,0,2,0,0,0,0,0,0,0,0,0,0,0,0,0,0
3,108133,Isidro Pitta,RBB,Atacante,visitante,COR,-1.0,0,0,1,3,1,1,1,0,0,1,0,0,0,0,0,0,0,0,0,0,1
3,108588,Tapia,SAO,Atacante,mandante,GRE,3.8,0,0,0,0,1,0,0,0,0,0,0,0,0,0,0,1,0,0,0,0,0
3,108713,Galeano,MIR,Atacante,mandante,CRU,1.1,0,0,0,0,0,1,0,0,0,1,0,0,0,0,0,0,0,0,0,0,0
3,109127,Tiago Cóser,CFC,Zagueiro,visitante,CHA,-0.4,0,1,1,3,0,0,0,0,0,0,0,0,0,0,0,0,0,0,0,0,0
3,109336,Rafael Carvalheira,CHA,Meia,mandante,CFC,1.5,0,0,1,0,0,0,0,0,0,0,0,0,0,0,0,0,0,0,0,0,0
3,109401,Erick Pulga,BAH,Atacante,visitante,VAS,3.2,0,0,2,1,0,0,1,0,0,0,0,0,0,0,0,0,0,0,0,0,0
3,109573,Martinelli,FLU,Meia,mandante,BOT,4.7,0,0,2,0,0,0,1,0,0,1,0,0,0,0,0,0,0,0,0,0,0
3,110144,Spinelli,VAS,Atacante,mandante,BAH,2.0,0,0,1,1,1,0,0,0,0,0,0,0,0,0,0,0,0,0,0,0,0
3,110426,Bernabéi,INT,Lateral,mandante,PAL,3.0,0,0,2,0,0,0,0,0,0,0,0,0,0,0,0,0,0,0,0,0,0
3,110506,Abel Ferreira,PAL,Técnico,visitante,INT,7.45,0,0,0,0,0,0,0,0,0,0,0,0,0,0,1,0,0,0,0,0,0
3,110510,Aguirre,INT,Lateral,mandante,PAL,3.8,0,0,2,0,1,0,0,0,0,0,0,0,0,0,0,0,0,0,0,0,0
3,110598,Marino Hinestroza,VAS,Atacante,mandante,BAH,0.5,0,0,0,1,1,0,0,0,0,0,0,0,0,0,0,0,0,0,0,0,0
3,110668,Esquivel,CAP,Lateral,mandante,SAN,5.7,0,0,0,1,0,0,2,0,0,0,0,0,0,0,0,0,1,0,0,0,0
3,110715,Andrés Hurtado,RBB,Lateral,visitante,COR,-0.6,0,0,0,2,0,0,0,0,0,0,0,0,0,0,0,0,0,0,0,0,0
3,110750,Gustavo Marques,RBB,Zagueiro,visitante,COR,2.0,0,0,1,0,0,0,1,0,0,0,0,0,0,0,0,0,0,0,0,0,0
3,110759,John Kennedy,FLU,Atacante,mandante,BOT,7.6,0,0,3,2,1,0,1,0,0,2,0,0,0,0,0,0,0,0,0,0,0
3,111309,Gustavo Martins,GRE,Zagueiro,visitante,SAO,-1.0,0,0,0,0,0,0,0,0,0,0,0,0,0,1,0,0,0,0,0,0,0
3,111466,Victor Gabriel,INT,Zagueiro,mandante,PAL,1.5,0,0,1,0,0,0,0,0,0,0,0,0,0,0,0,0,0,0,0,0,0
3,111760,Fabinho,RBB,Meia,visitante,COR,3.9,0,0,2,2,0,0,3,0,0,0,0,0,0,0,0,0,0,0,0,0,0
3,111829,Kayky,INT,Atacante,mandante,PAL,0.0,0,0,0,0,0,0,0,0,0,0,0,0,0,0,0,0,0,0,0,0,0
3,111831,Matheus Martins,BOT,Atacante,visitante,FLU,0.2,0,0,0,1,0,0,1,0,0,0,0,0,0,0,0,0,0,0,0,0,0
3,111832,Jefté,PAL,Lateral,visitante,INT,0.0,0,0,0,0,0,0,0,0,0,0,0,0,0,0,0,0,0,0,0,0,0
3,111945,Diego Hernández,REM,Meia,visitante,CAM,2.7,0,0,1,0,0,0,0,0,0,1,0,0,0,0,0,0,0,0,0,0,0
3,112576,Vini Paulista,CFC,Meia,visitante,CHA,3.0,0,0,2,0,0,0,0,0,0,0,0,0,0,0,0,0,0,0,0,0,0
3,112709,Kaiki Bruno,CRU,Lateral,visitante,MIR,3.7,0,0,2,1,0,0,2,0,0,0,0,0,0,0,0,0,0,0,0,0,0
3,112863,Ramón Sosa,PAL,Atacante,visitante,INT,0.0,0,0,0,0,0,0,0,0,0,0,0,0,0,0,0,0,0,0,0,0,0
3,112886,Lucas Barbosa,RBB,Atacante,visitante,COR,5.4,0,1,3,2,1,0,1,0,0,1,0,0,0,0,0,0,0,0,0,0,0
3,113034,Freytes,FLU,Zagueiro,mandante,BOT,5.4,0,1,1,2,0,0,1,1,0,0,0,0,0,0,0,0,0,0,0,0,0
3,113103,Flaco López,PAL,Atacante,visitante,INT,-0.6,0,0,0,1,0,3,0,0,0,0,0,0,0,0,0,0,0,0,0,0,0
3,113113,Benavídez,CAP,Lateral,mandante,SAN,-0.6,0,0,0,2,0,0,0,0,0,0,0,0,0,0,0,0,0,0,0,0,0
3,113125,Picco,REM,Meia,visitante,CAM,6.0,0,0,4,0,0,0,0,0,0,0,0,0,0,0,0,0,0,0,0,0,0
3,113359,Pablo Maia,SAO,Meia,mandante,GRE,-0.3,0,1,0,2,1,0,1,0,0,0,0,0,0,0,0,0,0,0,0,0,0
3,113397,Cristian Olivera,BAH,Atacante,visitante,VAS,5.7,0,1,4,2,0,2,3,0,0,0,0,0,0,0,0,0,0,0,0,0,0
3,114405,Sinisterra,CRU,Atacante,visitante,MIR,1.7,0,0,1,2,1,0,0,0,0,0,0,0,0,0,0,0,0,0,0,0,0
3,114802,Vitor Roque,PAL,Atacante,visitante,INT,14.0,0,0,2,0,1,0,2,0,1,1,0,0,0,0,0,0,0,0,0,0,0
3,115025,Miguelito,SAN,Meia,visitante,CAP,1.3,0,0,0,1,2,0,0,0,0,0,0,0,0,0,0,0,0,0,0,0,0
3,115479,Paulo Pezzolano,INT,Técnico,mandante,PAL,4.89,0,0,0,0,0,0,0,0,0,0,0,0,0,0,0,0,0,0,0,0,0
3,116034,Victor Hugo,CAM,Meia,mandante,REM,7.7,0,0,1,0,0,0,0,0,0,1,0,0,0,0,0,0,1,0,0,0,0
3,116066,Rubens,CHA,Atacante,mandante,CFC,8.0,0,0,0,0,0,0,0,0,1,0,0,0,0,0,0,0,0,0,0,0,0
3,116447,Hércules,FLU,Meia,mandante,BOT,0.0,0,0,0,0,0,0,0,0,0,0,0,0,0,0,0,0,0,0,0,0,0
3,116706,Andrés Gómez,VAS,Atacante,mandante,BAH,6.3,0,1,3,3,1,0,1,0,0,2,0,0,0,0,0,0,0,0,0,0,0
3,117330,Robert Renan,VAS,Zagueiro,mandante,BAH,1.4,0,0,1,3,1,0,0,0,0,0,0,0,0,0,0,0,0,0,0,0,0
3,117632,Garro,COR,Meia,mandante,RBB,7.0,0,0,1,0,0,0,1,0,0,0,0,0,0,0,0,0,1,0,0,0,0
3,117930,Lavega,CFC,Atacante,visitante,CHA,1.5,0,0,1,0,0,0,0,0,0,0,0,0,0,0,0,0,0,0,0,0,0
3,117965,Martín Anselmi,BOT,Técnico,visitante,FLU,3.85,0,0,0,0,0,0,0,0,0,0,0,0,0,0,0,0,0,0,0,0,0
3,118775,Lautaro Díaz,SAN,Atacante,visitante,CAP,0.0,0,0,0,0,0,0,0,0,0,0,0,0,0,0,0,0,0,0,0,0,0
3,120433,Léo Derik,CAP,Lateral,mandante,SAN,0.0,0,0,0,0,0,0,0,0,0,0,0,0,0,0,0,0,0,0,0,0,0
3,121792,André,GRE,Atacante,visitante,SAO,2.5,0,1,2,1,1,0,0,0,0,0,0,0,0,0,0,0,0,0,0,0,0
3,121824,Kayke,COR,Atacante,mandante,RBB,1.5,0,0,1,0,0,0,0,0,0,0,0,0,0,0,0,0,0,0,0,0,0
3,122138,João Vitor,CHA,Meia,mandante,CFC,0.0,0,0,0,0,0,0,0,0,0,0,0,0,0,0,0,0,0,0,0,0,0
3,122394,Gustavinho,RBB,Meia,visitante,COR,-0.1,0,0,0,2,0,0,1,0,0,0,0,0,0,0,0,0,0,0,0,0,0
3,122441,Kayky Almeida,REM,Zagueiro,visitante,CAM,4.1,0,1,2,1,0,0,0,0,0,2,0,0,0,0,0,0,0,0,0,0,0
3,122485,Barros,VAS,Meia,mandante,BAH,9.0,0,1,4,2,2,0,6,0,0,0,0,0,0,0,0,0,0,0,0,0,0
3,122487,GB,VAS,Atacante,mandante,BAH,0.0,0,0,0,0,0,0,0,0,0,0,0,0,0,0,0,0,0,0,0,0,0
3,123625,Ítalo,CHA,Atacante,mandante,CFC,1.3,0,0,0,0,1,0,1,0,0,0,0,0,0,0,0,0,0,0,0,0,0
3,123648,Lucas Ronier,CFC,Atacante,visitante,CHA,15.1,0,0,2,0,2,0,1,0,0,0,0,0,0,0,0,0,2,0,0,0,0
3,123738,Herrera,RBB,Atacante,visitante,COR,0.0,0,0,0,0,0,0,0,0,0,0,0,0,0,0,0,0,0,0,0,0,0
3,123744,Alan Rodríguez,INT,Meia,mandante,PAL,0.0,0,0,0,0,0,0,0,0,0,0,0,0,0,0,0,0,0,0,0,0,0
3,124239,Henry Mosquera,RBB,Atacante,visitante,COR,1.3,0,0,0,3,0,0,2,0,0,1,0,0,0,0,0,0,0,0,0,0,0
3,124526,Giay,PAL,Lateral,visitante,INT,-0.3,0,0,0,1,0,0,0,0,0,0,0,0,0,0,0,0,0,0,0,0,0
3,124757,Nathan Fernandes,BOT,Atacante,visitante,FLU,4.0,0,0,2,0,0,0,2,0,0,0,0,0,0,0,0,0,0,0,0,0,0
3,125746,Dudu,CAP,Meia,mandante,SAN,0.5,0,0,0,0,0,0,1,0,0,0,0,0,0,0,0,0,0,0,0,0,0
3,125803,Pedro Morisco,CFC,Goleiro,visitante,CHA,3.5,0,0,0,0,0,0,0,0,0,0,0,5,3,0,0,0,0,0,0,0,0
3,125926,Zapelli,CAP,Meia,mandante,SAN,6.7,0,0,4,2,1,0,1,0,0,0,0,0,0,0,0,0,0,0,0,0,0
3,126013,Ythallo,BOT,Zagueiro,visitante,FLU,0.2,0,1,1,1,0,0,0,0,0,0,0,0,0,0,0,0,0,0,0,0,0
3,126182,Paulinho,INT,Meia,mandante,PAL,0.4,0,1,1,2,0,0,1,0,0,0,0,0,0,0,0,0,0,0,0,0,0
3,126471,Barreal,SAN,Meia,visitante,CAP,1.2,0,0,1,1,0,0,0,0,0,0,0,0,0,0,0,0,0,0,0,0,0
3,126977,Fernando Seabra,CFC,Técnico,visitante,CHA,5.51,0,0,0,0,0,0,0,0,0,0,0,0,0,0,0,0,0,0,0,0,0
3,127970,Felipe Chiqueti,CAP,Meia,mandante,SAN,2.4,0,1,1,1,0,0,2,0,0,1,0,0,0,0,0,0,0,0,0,0,0
3,128433,Johan Rojas,VAS,Meia,mandante,BAH,-0.3,0,0,0,1,0,0,0,0,0,0,0,0,0,0,0,0,0,0,0,0,0
3,130048,Noriega,GRE,Zagueiro,visitante,SAO,5.7,0,0,3,2,1,0,2,0,0,0,0,0,0,0,0,0,0,0,0,0,0
3,130612,Luighi,PAL,Atacante,visitante,INT,1.7,0,0,1,1,0,0,1,0,0,0,0,0,0,0,0,0,0,0,0,0,0
3,130650,Bernal,FLU,Meia,mandante,BOT,1.6,0,0,1,3,0,0,2,0,0,0,0,0,0,0,0,0,0,0,0,0,0
3,130843,Arthur Dias,CAP,Zagueiro,mandante,SAN,4.2,0,0,3,1,0,0,0,0,0,0,0,0,0,0,0,0,0,0,0,0,0
3,131832,Portilla,CAP,Meia,mandante,SAN,0.9,0,0,1,2,0,0,0,0,0,0,0,0,0,0,0,0,0,0,0,0,0
3,132071,Serna,FLU,Atacante,mandante,BOT,4.0,0,0,1,0,1,0,1,0,0,1,0,0,0,0,0,0,0,0,0,0,0
3,132274,Ignacio Sosa,RBB,Meia,visitante,COR,0.9,0,0,0,2,0,0,3,0,0,0,0,0,0,0,0,0,0,0,0,0,0
3,132412,Román Gómez,BAH,Lateral,visitante,VAS,12.5,0,0,5,0,0,0,0,1,0,0,0,0,0,0,0,0,0,0,0,0,0
3,132553,Jemmes,FLU,Zagueiro,mandante,BOT,8.0,0,0,2,0,0,0,0,1,0,0,0,0,0,0,0,0,0,0,0,0,0
3,132580,Vinicinho,RBB,Atacante,visitante,COR,0.5,0,0,0,0,0,0,1,0,0,0,0,0,0,0,0,0,0,0,0,0,0
3,133543,Gui Negão,COR,Atacante,mandante,RBB,0.0,0,0,0,0,0,0,0,0,0,0,0,0,0,0,0,0,0,0,0,0,0
3,137542,Kaique Kenji,CRU,Atacante,visitante,MIR,0.5,0,0,0,0,0,0,1,0,0,0,0,0,0,0,0,0,0,0,0,0,0
3,139076,Filipe Luís,FLA,Técnico,visitante,VIT,0.0,0,0,0,0,0,0,0,0,0,0,0,0,0,0,0,0,0,0,0,0,0
3,141165,Enzo Vagner,CFC,Atacante,visitante,CHA,0.5,0,0,0,1,1,0,0,0,0,0,0,0,0,0,0,0,0,0,0,0,0
3,141451,Allan,PAL,Meia,visitante,INT,4.6,0,0,1,1,0,0,2,0,0,2,0,0,0,0,0,0,0,0,0,0,0
3,141615,Pedro Ferreira,SAO,Meia,mandante,GRE,0.5,0,0,0,0,0,0,1,0,0,0,0,0,0,0,0,0,0,0,0,0,0
3,141754,Gabriel Bontempo,SAN,Meia,visitante,CAP,3.2,0,1,2,1,0,0,3,0,0,0,0,0,0,0,0,0,0,0,0,0,0
3,141868,Vinicius Lira,SAN,Lateral,visitante,CAP,1.7,0,1,2,1,0,0,0,0,0,0,0,0,0,0,0,0,0,0,0,0,0
3,142004,Amuzu,GRE,Atacante,visitante,SAO,1.5,0,0,1,0,0,0,0,0,0,0,0,0,0,0,0,0,0,0,0,0,0
3,142279,Nuno Moreira,VAS,Meia,mandante,BAH,0.8,0,0,0,0,1,0,0,0,0,0,0,0,0,0,0,0,0,0,0,0,0
3,142484,Barrera,BOT,Meia,visitante,FLU,3.5,0,0,2,0,0,0,1,0,0,0,0,0,0,0,0,0,0,0,0,0,0
3,142877,Villalba,BOT,Atacante,visitante,FLU,0.0,0,0,0,0,0,0,0,0,0,0,0,0,0,0,0,0,0,0,0,0,0
3,142890,Montoro,BOT,Meia,visitante,FLU,0.9,0,1,0,2,0,0,5,0,0,0,0,0,0,0,0,0,0,0,0,0,0
3,143193,Viveros,CAP,Atacante,mandante,SAN,12.8,0,0,0,3,2,1,4,0,1,1,1,0,0,0,0,0,0,0,0,0,0
3,146040,João Pedro,REM,Atacante,visitante,CAM,-0.9,0,1,0,2,1,1,0,0,0,0,0,0,0,0,0,0,0,0,0,0,0
3,146375,Kadir,BOT,Atacante,visitante,FLU,1.7,0,0,1,1,0,0,1,0,0,0,0,0,0,0,0,0,0,0,0,0,0
3,147194,Bruninho,CAP,Meia,mandante,SAN,0.0,0,0,0,0,0,0,0,0,0,0,0,0,0,0,0,0,0,0,0,0,0
3,37656,Fábio,FLU,Goleiro,mandante,BOT,9.4,0,0,0,0,0,0,1,1,0,0,0,3,0,0,0,0,0,0,0,0,0
3,39148,Hulk,CAM,Atacante,mandante,REM,14.7,0,0,1,1,0,0,1,0,1,0,0,0,0,0,0,0,1,0,0,0,0
3,39656,Alan Franco,CAM,Meia,mandante,REM,2.4,0,0,1,1,0,0,0,0,0,1,0,0,0,0,0,0,0,0,0,0,0
3,39850,Vagner Mancini,RBB,Técnico,visitante,COR,1.74,0,0,0,0,0,0,0,0,0,0,0,0,0,0,0,0,0,0,0,0,0
3,40990,Dorival Júnior,COR,Técnico,mandante,RBB,8.77,0,0,0,0,0,0,0,0,0,0,0,0,0,0,1,0,0,0,0,0,0
3,42135,Willian,GRE,Meia,visitante,SAO,0.0,0,0,0,0,0,0,0,0,0,0,0,0,0,0,0,0,0,0,0,0,0
3,42234,Cássio,CRU,Goleiro,visitante,MIR,8.9,0,0,0,0,0,0,1,0,0,0,0,8,2,0,0,0,0,0,0,0,0
3,42500,Fagner,CRU,Lateral,visitante,MIR,4.5,0,0,3,0,0,0,0,0,0,0,0,0,0,0,0,0,0,0,0,0,0
3,45125,Tite,CRU,Técnico,visitante,MIR,5.33,0,0,0,0,0,0,0,0,0,0,0,0,0,0,0,0,0,0,0,0,0
3,51413,Walter,MIR,Goleiro,mandante,CRU,0.6,0,0,0,0,0,0,0,0,0,0,0,2,2,0,0,0,0,0,0,0,0
3,51772,Everton Ribeiro,BAH,Meia,visitante,VAS,14.3,0,0,4,3,0,0,6,0,0,1,0,0,0,0,0,0,1,0,0,0,0
3,62977,Ganso,FLU,Meia,mandante,BOT,1.5,0,0,1,0,0,0,0,0,0,0,0,0,0,0,0,0,0,0,0,0,0
3,63289,Edenílson,GRE,Meia,visitante,SAO,1.5,0,0,1,0,0,0,0,0,0,0,0,0,0,0,0,0,0,0,0,0,0
3,68685,Alan Patrick,INT,Meia,mandante,PAL,2.8,0,0,1,0,1,0,1,0,0,0,0,0,0,0,0,0,0,0,0,0,0
3,68708,Eduardo,MIR,Meia,mandante,CRU,3.1,0,0,0,1,0,0,2,0,0,2,0,0,0,0,0,0,0,0,0,0,0
3,68806,Neto,BOT,Goleiro,visitante,FLU,4.2,0,0,0,0,0,0,0,0,0,0,0,4,1,0,0,0,0,0,0,0,0
3,68899,Philippe Coutinho,VAS,Meia,mandante,BAH,2.5,0,0,0,0,1,0,1,0,0,1,0,0,0,0,0,0,0,0,0,0,0
3,68920,Dudu,CAM,Atacante,mandante,REM,12.0,0,0,1,0,1,0,1,0,1,1,0,0,0,0,0,0,0,0,0,0,0
3,68928,Rafael,SAO,Goleiro,mandante,GRE,6.3,0,0,0,0,0,0,0,1,0,0,0,1,0,0,0,0,0,0,0,0,0
3,68996,Willian José,BAH,Atacante,visitante,VAS,-0.6,0,0,0,2,0,0,0,0,0,0,0,0,0,0,0,0,0,0,0,0,0
3,69012,Santos,CAP,Goleiro,mandante,SAN,4.2,0,0,0,0,0,0,0,0,0,0,0,4,1,0,0,0,0,0,0,0,0
3,69140,Allan,BOT,Meia,visitante,FLU,2.0,0,0,1,0,0,0,1,0,0,0,0,0,0,0,0,0,0,0,0,0,0
3,69208,Gabriel Paulista,COR,Zagueiro,mandante,RBB,16.6,0,0,1,0,2,0,1,1,1,0,0,0,0,0,0,0,0,0,0,0,0
3,70164,Lucas Moura,SAO,Meia,mandante,GRE,8.5,0,0,0,0,0,0,1,0,1,0,0,0,0,0,0,0,0,0,0,0,0
3,70666,Marllon,REM,Zagueiro,visitante,CAM,6.0,0,0,4,0,0,0,0,0,0,0,0,0,0,0,0,0,0,0,0,0,0
3,70800,Jorge Sampaoli,CAM,Técnico,mandante,REM,6.61,0,0,0,0,0,0,0,0,0,0,0,0,0,0,0,0,0,0,0,0,0
3,70958,Jean Carlos,CHA,Meia,mandante,CFC,9.0,0,0,0,0,2,0,0,0,0,2,0,0,0,0,0,0,1,0,0,0,0
3,71043,Léo Vieira,CHA,Goleiro,mandante,CFC,-0.4,0,0,0,0,0,0,0,0,0,0,0,2,3,0,0,0,0,0,0,0,0
3,71123,Thiago Mendes,VAS,Meia,mandante,BAH,0.9,0,1,1,2,0,0,2,0,0,0,0,0,0,0,0,0,0,0,0,0,0
3,71227,Maicon,CFC,Zagueiro,visitante,CHA,1.5,0,0,1,0,0,0,0,0,0,0,0,0,0,0,0,0,0,0,0,0,0
3,71536,Luiz Gustavo,CAP,Meia,mandante,SAN,1.5,0,0,1,0,0,0,0,0,0,0,0,0,0,0,0,0,0,0,0,0,0
3,71631,Weverton,GRE,Goleiro,visitante,SAO,4.3,0,1,0,0,0,0,0,0,0,0,0,1,2,1,0,0,0,0,0,1,0
3,71684,Gustavo Gómez,PAL,Zagueiro,visitante,INT,13.0,0,0,0,0,0,0,0,0,1,0,0,0,0,0,0,0,1,0,0,0,0
3,72294,Everson,CAM,Goleiro,mandante,REM,0.9,0,0,0,0,0,0,0,0,0,0,0,3,3,0,0,0,0,0,0,0,0
3,72391,Fernando Diniz,VAS,Técnico,mandante,BAH,2.86,0,0,0,0,0,0,0,0,0,0,0,0,0,0,0,0,0,0,0,0,0
3,72460,Bernard,CAM,Meia,mandante,REM,0.0,0,0,0,0,0,0,0,0,0,0,0,0,0,0,0,0,0,0,0,0,0
3,72493,Alex Telles,BOT,Lateral,visitante,FLU,1.4,0,0,1,2,0,0,1,0,0,0,0,0,0,0,0,0,0,0,0,0,0
3,72951,Mercado,INT,Zagueiro,mandante,PAL,2.3,0,0,1,3,0,0,1,0,0,1,0,0,0,0,0,0,0,0,0,0,0
3,73384,Samuel Xavier,FLU,Lateral,mandante,BOT,5.4,0,1,1,2,0,0,1,1,0,0,0,0,0,0,0,0,0,0,0,0,0
3,73481,Gilmar Dal Pozzo,CHA,Técnico,mandante,CFC,6.49,0,0,0,0,0,0,0,0,0,0,0,0,0,0,0,0,0,0,0,0,0
3,73717,Juan Carlos Osorio,REM,Técnico,visitante,CAM,6.91,0,0,0,0,0,0,0,0,0,0,0,0,0,0,0,0,0,0,0,0,0
3,77485,Carrillo,COR,Meia,mandante,RBB,3.4,0,0,2,3,1,0,1,0,0,0,0,0,0,0,0,0,0,0,0,0,0
3,77777,João Schmidt,SAN,Meia,visitante,CAP,1.2,0,0,1,1,0,0,0,0,0,0,0,0,0,0,0,0,0,0,0,0,0
3,78117,Everaldo,BAH,Atacante,visitante,VAS,2.7,0,0,2,1,0,0,0,0,0,0,0,0,0,0,0,0,0,0,0,0,0
3,78248,Gustavo Henrique,COR,Zagueiro,mandante,RBB,4.2,0,1,0,2,1,0,2,1,0,0,0,0,0,1,0,0,0,0,0,0,0
3,78435,Vitinho,COR,Atacante,mandante,RBB,1.4,0,0,0,2,1,0,0,0,0,1,0,0,0,0,0,0,0,0,0,0,0
3,78445,Renê,FLU,Lateral,mandante,BOT,9.2,0,0,3,1,0,0,0,1,0,0,0,0,0,0,0,0,0,0,0,0,0
3,78605,Gabriel,RBB,Meia,visitante,COR,1.1,0,1,1,2,0,0,0,0,0,1,0,0,0,0,0,0,0,0,0,0,0
3,78850,Reinaldo,MIR,Lateral,mandante,CRU,-1.0,0,1,0,0,0,0,0,0,0,0,0,0,0,0,0,0,0,0,0,0,0
3,79701,Lucas Silva,CRU,Meia,visitante,MIR,1.5,0,0,1,0,0,0,0,0,0,0,0,0,0,0,0,0,0,0,0,0,0
3,80129,Jadson,CAP,Meia,mandante,SAN,2.0,0,0,1,0,0,0,1,0,0,0,0,0,0,0,0,0,0,0,0,0,0
3,80196,Yago Pikachu,REM,Meia,visitante,CAM,8.0,0,0,0,0,0,0,0,0,1,0,0,0,0,0,0,0,0,0,0,0,0
3,80287,Luciano,SAO,Atacante,mandante,GRE,3.0,0,1,0,3,1,1,2,0,0,1,1,0,0,0,0,0,1,0,0,0,1
3,81952,Willian Oliveira,CFC,Meia,visitante,CHA,1.5,0,0,1,0,0,0,0,0,0,0,0,0,0,0,0,0,0,0,0,0,0
3,82628,Tinga,CFC,Lateral,visitante,CHA,3.0,0,0,2,0,0,0,0,0,0,0,0,0,0,0,0,0,0,0,0,0,0
3,82730,Marcelo Rangel,REM,Goleiro,visitante,CAM,3.5,0,0,0,0,0,0,0,0,0,0,0,5,3,0,0,0,0,0,0,0,0
3,82775,Lucas Ramon,SAO,Lateral,mandante,GRE,8.8,0,0,1,0,1,0,3,1,0,0,0,0,0,0,0,0,0,0,0,0,0
3,83263,Yuri Lara,MIR,Meia,mandante,CRU,-3.3,0,0,0,1,0,0,0,0,0,0,0,0,0,0,0,0,0,0,1,0,0
3,84339,Bruno Melo,CFC,Lateral,visitante,CHA,0.8,0,0,0,0,1,0,0,0,0,0,0,0,0,0,0,0,0,0,0,0,0
3,84428,Fernando Sobral,CFC,Meia,visitante,CHA,0.0,0,0,0,0,0,0,0,0,0,0,0,0,0,0,0,0,0,0,0,0,0
3,84558,Lucas Romero,CRU,Meia,visitante,MIR,7.5,0,0,1,0,0,0,2,0,0,0,0,0,0,0,0,0,1,0,0,0,0
3,84626,Josué,CFC,Meia,visitante,CHA,-0.1,0,0,0,2,0,0,1,0,0,0,0,0,0,0,0,0,0,0,0,0,0
3,84674,Lucas Evangelista,PAL,Meia,visitante,INT,5.0,0,0,0,0,0,0,0,0,0,0,0,0,0,0,0,0,1,0,0,0,0
3,84847,Luan Peres,SAN,Zagueiro,visitante,CAP,1.4,0,0,1,2,0,0,1,0,0,0,0,0,0,0,0,0,0,0,0,0,0
3,85048,Memphis Depay,COR,Atacante,mandante,RBB,0.4,0,0,0,0,0,1,1,0,0,0,0,0,0,0,0,0,0,0,0,0,0
3,85403,Danielzinho,SAO,Meia,mandante,GRE,1.8,0,0,0,0,1,0,0,0,0,0,1,0,0,0,0,0,0,0,0,0,0
3,86292,Bolasie,CHA,Atacante,mandante,CFC,0.8,0,0,0,0,1,0,0,0,0,0,0,0,0,0,0,0,0,0,0,0,0
3,86485,Keno,CFC,Atacante,visitante,CHA,0.0,0,0,0,0,0,0,0,0,0,0,0,0,0,0,0,0,0,0,0,0,0
3,86859,José Welison,REM,Meia,visitante,CAM,0.5,0,0,0,1,1,0,0,0,0,0,0,0,0,0,0,0,0,0,0,0,0
3,87008,Léo Jardim,VAS,Goleiro,mandante,BAH,1.6,0,0,0,0,0,0,0,0,0,0,0,2,1,0,0,0,0,0,0,0,0
3,87225,Pedro Henrique,RBB,Zagueiro,visitante,COR,0.5,0,0,0,0,0,0,1,0,0,0,0,0,0,0,0,0,0,0,0,0,0
3,87228,Guilherme Arana,FLU,Lateral,mandante,BOT,6.5,0,0,1,0,0,0,0,1,0,0,0,0,0,0,0,0,0,0,0,0,0
3,87470,Thaciano,SAN,Meia,visitante,CAP,10.0,0,0,1,1,0,2,2,0,1,0,0,0,0,0,0,0,0,0,0,0,0
3,87552,Vitor Bueno,REM,Meia,visitante,CAM,9.2,0,0,0,2,1,0,2,0,1,0,0,0,0,0,0,0,0,0,0,0,0
3,87742,Neto Moura,MIR,Meia,mandante,CRU,0.4,0,1,1,2,0,0,1,0,0,0,0,0,0,0,0,0,0,0,0,0,0
3,87887,Balbuena,GRE,Zagueiro,visitante,SAO,4.5,0,0,3,0,0,0,0,0,0,0,0,0,0,0,0,0,0,0,0,0,0
3,87999,Gustavo Scarpa,CAM,Meia,mandante,REM,9.0,0,0,1,0,1,0,1,0,0,1,0,0,0,0,0,0,1,0,0,0,0
3,88037,Luís Castro,GRE,Técnico,visitante,SAO,3.09,0,0,0,0,0,0,0,0,0,0,0,0,0,0,0,0,0,0,0,0,0
3,88312,Junior Alonso,CAM,Zagueiro,mandante,REM,1.0,0,0,0,1,1,0,1,0,0,0,0,0,0,0,0,0,0,0,0,0,0
3,89256,Gerson,CRU,Meia,visitante,MIR,0.2,0,1,1,1,0,0,0,0,0,0,0,0,0,0,0,0,0,0,0,0,0
3,89273,João Pedro,GRE,Lateral,visitante,SAO,-0.6,0,0,0,2,0,0,0,0,0,0,0,0,0,0,0,0,0,0,0,0,0
3,89274,Andreas Pereira,PAL,Meia,visitante,INT,14.9,0,1,2,2,0,0,1,0,1,0,0,0,0,0,0,0,1,0,0,0,0
3,89275,William,CRU,Lateral,visitante,MIR,-0.3,0,0,0,1,0,0,0,0,0,0,0,0,0,0,0,0,0,0,0,0,0
3,89837,Lucho Acosta,FLU,Meia,mandante,BOT,10.6,0,1,3,3,0,0,0,0,1,0,0,0,0,0,0,0,0,0,0,0,0
3,89840,Calleri,SAO,Atacante,mandante,GRE,12.3,0,0,1,2,1,1,3,0,1,1,0,0,0,0,0,0,0,0,0,0,0
3,89918,Everton Galdino,MIR,Atacante,mandante,CRU,0.0,0,0,0,0,0,0,0,0,0,0,0,0,0,0,0,0,0,0,0,0,0
3,90031,Mendoza,CAP,Atacante,mandante,SAN,2.8,0,0,1,1,2,0,0,0,0,0,0,0,0,0,0,0,0,0,0,0,0
3,90302,Pedro Rocha,CFC,Atacante,visitante,CHA,12.8,0,0,0,0,3,0,0,0,1,2,0,0,0,0,0,0,0,0,0,0,0
3,90370,Matheus Pereira,COR,Meia,mandante,RBB,3.5,0,0,2,1,1,0,0,0,0,0,0,0,0,0,0,0,0,0,0,0,0
3,90532,Arthur Melo,GRE,Meia,visitante,SAO,3.9,0,0,2,2,0,0,3,0,0,0,0,0,0,0,0,0,0,0,0,0,0
3,90768,Fabrício Bruno,CRU,Zagueiro,visitante,MIR,-0.6,0,0,0,2,0,0,0,0,0,0,0,0,0,0,0,0,0,0,0,0,0
3,90917,Carlos Eduardo,MIR,Atacante,mandante,CRU,1.8,0,0,1,2,0,1,2,0,0,0,0,0,0,0,0,0,0,0,0,0,0
3,91101,Ronaldo,BAH,Goleiro,visitante,VAS,9.2,0,1,0,0,0,0,0,1,0,0,0,4,0,0,0,0,0,0,0,0,0
3,91607,Rony,SAN,Atacante,visitante,CAP,3.6,0,0,1,0,0,1,2,0,0,1,0,0,0,0,0,0,0,0,0,0,0
3,91639,Igor Cariús,MIR,Lateral,mandante,CRU,1.0,0,0,1,0,0,0,1,0,0,0,0,0,0,1,0,0,0,0,0,0,0
3,91706,Marlon,GRE,Lateral,visitante,SAO,0.9,0,0,1,2,0,0,0,0,0,0,0,0,0,0,0,0,0,0,0,0,0
3,91866,Zé Ivaldo,SAN,Zagueiro,visitante,CAP,6.0,0,0,4,0,0,0,2,0,0,0,0,0,0,1,0,0,0,0,0,0,0
3,91908,Pavón,GRE,Atacante,visitante,SAO,1.5,0,0,1,0,0,0,0,0,0,0,0,0,0,0,0,0,0,0,0,0,0
3,92171,Arthur Cabral,BOT,Atacante,visitante,FLU,1.9,0,0,0,1,0,0,2,0,0,1,0,0,0,0,0,0,0,0,0,0,0
3,92180,Jair Ventura,VIT,Técnico,mandante,FLA,0.0,0,0,0,0,0,0,0,0,0,0,0,0,0,0,0,0,0,0,0,0,0
3,92273,Odair Hellmann,CAP,Técnico,mandante,SAN,6.25,0,0,0,0,0,0,0,0,0,0,0,0,0,0,1,0,0,0,0,0,0
3,92854,Borré,INT,Atacante,mandante,PAL,2.6,0,0,0,2,2,1,1,0,0,1,0,0,0,0,0,0,0,0,0,0,0
3,92981,Ronaldo,INT,Meia,mandante,PAL,13.9,0,0,4,2,0,0,1,0,1,0,0,0,0,0,0,0,0,0,0,0,0
3,93372,João Basso,SAN,Zagueiro,visitante,CAP,3.0,0,0,2,0,0,0,0,0,0,0,0,0,0,0,0,0,0,0,0,0,0
3,93478,Wanderson,CRU,Atacante,visitante,MIR,9.2,0,0,1,1,0,0,0,0,1,0,0,0,0,0,0,0,0,0,0,0,0
3,93716,Paulo Henrique,VAS,Lateral,mandante,BAH,0.7,0,1,1,1,0,0,1,0,0,0,0,0,0,0,0,0,0,0,0,0,0
3,93790,Marlon Freitas,PAL,Meia,visitante,INT,2.7,0,0,2,1,0,0,0,0,0,0,0,0,0,0,0,0,0,0,0,0,0
3,93882,Cleiton,RBB,Goleiro,visitante,COR,0.9,0,1,0,0,0,0,0,0,0,0,0,3,2,0,0,0,0,0,0,0,0
3,93988,Breno Lopes,CFC,Atacante,visitante,CHA,16.4,0,0,0,2,0,0,2,0,2,0,0,0,0,0,0,0,0,0,0,0,0
3,94154,Maycon,CAM,Meia,mandante,REM,2.4,0,0,2,2,0,0,0,0,0,0,0,0,0,0,0,0,0,0,0,0,0
3,94968,Juninho Capixaba,RBB,Lateral,visitante,COR,4.4,0,1,3,4,2,0,1,0,0,0,0,0,0,0,0,0,0,0,0,0,0
3,95332,Marcinho,CHA,Atacante,mandante,CFC,4.0,0,0,1,0,1,0,1,0,0,1,0,0,0,0,0,0,0,0,0,0,0
3,95466,Igor Vinícius,SAN,Lateral,visitante,CAP,3.5,0,1,3,4,0,0,0,0,0,1,0,0,0,0,0,0,0,0,0,0,0
3,95555,Sávio,REM,Lateral,visitante,CAM,4.5,0,0,2,0,0,0,3,0,0,0,0,0,0,0,0,0,0,0,0,0,0
3,95556,Raniele,COR,Meia,mandante,RBB,0.0,0,1,0,4,1,1,3,0,0,0,0,0,0,0,0,0,0,0,0,0,0
3,95620,Bruno Leonardo,CHA,Zagueiro,mandante,CFC,4.7,0,0,2,0,0,0,1,0,0,1,0,0,0,0,0,0,0,0,0,0,0
3,95799,Artur,BOT,Atacante,visitante,FLU,4.1,0,0,1,1,0,0,1,0,0,2,0,0,0,0,0,0,0,0,0,0,0
3,96342,Charles,COR,Meia,mandante,RBB,1.9,0,0,1,0,0,1,1,0,0,0,0,0,0,0,0,0,0,0,0,0,0
3,96591,Renan Lodi,CAM,Lateral,mandante,REM,2.4,0,0,1,0,0,1,2,0,0,0,0,0,0,0,0,0,0,0,0,0,0
3,96610,Matheus Pereira,CRU,Meia,visitante,MIR,2.4,0,1,1,2,0,0,3,0,0,0,1,0,0,0,0,0,0,0,0,0,0
3,96652,Allan,COR,Meia,mandante,RBB,0.5,0,1,0,0,0,0,3,0,0,0,0,0,0,0,0,0,0,0,0,0,0
3,97095,Carlos Cuesta,VAS,Zagueiro,mandante,BAH,2.3,0,0,1,0,1,0,0,0,0,0,0,0,0,0,0,0,0,0,0,0,0
3,97321,Alesson,MIR,Atacante,mandante,CRU,4.4,0,0,2,1,0,0,1,0,0,1,0,0,0,0,0,0,0,0,0,0,0
3,97341,Rogério Ceni,BAH,Técnico,visitante,VAS,8.98,0,0,0,0,0,0,0,0,0,0,0,0,0,0,1,0,0,0,0,0,0
3,97432,Victor Caetano,CHA,Zagueiro,mandante,CFC,2.4,0,0,2,2,0,0,0,0,0,0,0,0,0,0,0,0,0,0,0,0,0
3,97460,João Victor,MIR,Zagueiro,mandante,CRU,2.0,0,0,1,0,0,0,1,0,0,0,0,0,0,0,0,0,0,0,0,0,0
3,97642,Félix Torres,INT,Zagueiro,mandante,PAL,0.0,0,0,0,0,0,0,0,0,0,0,0,0,0,0,0,0,0,0,0,0,0
3,97653,Murilo,PAL,Zagueiro,visitante,INT,-0.3,0,0,0,1,0,0,0,0,0,0,0,0,0,0,0,0,0,0,0,0,0
3,97878,Jacy,CFC,Zagueiro,visitante,CHA,1.5,0,0,1,0,0,0,0,0,0,0,0,0,0,0,0,0,0,0,0,0,0
3,98022,Erick,BAH,Meia,visitante,VAS,0.5,0,0,0,0,0,0,1,0,0,0,0,0,0,0,0,0,0,0,0,0,0
3,98384,Negueba,MIR,Atacante,mandante,CRU,13.5,0,0,3,1,1,0,1,0,1,0,0,0,0,0,0,0,0,0,0,0,0
3,98484,Kanu,BAH,Zagueiro,visitante,VAS,3.4,0,1,0,2,0,0,0,1,0,0,0,0,0,0,0,0,0,0,0,0,0
3,98517,Jean Lucas,BAH,Meia,visitante,VAS,2.8,0,0,0,0,3,1,1,0,0,0,0,0,0,0,0,0,0,0,0,0,0
3,98909,Cuello,CAM,Atacante,mandante,REM,5.7,0,0,0,1,2,1,3,0,0,0,0,0,0,0,0,1,0,0,0,0,0
3,99213,Puma Rodríguez,VAS,Lateral,mandante,BAH,2.3,0,1,0,0,2,0,1,0,0,1,0,0,0,0,0,0,0,0,0,0,0
3,99274,Alexander Barboza,BOT,Zagueiro,visitante,FLU,4.5,0,0,3,0,0,0,0,0,0,0,0,0,0,0,0,0,0,0,0,0,0
3,99366,Luis Zubeldía,FLU,Técnico,mandante,BOT,8.15,0,0,0,0,0,0,0,0,0,0,0,0,0,0,1,0,0,0,0,0,0
3,99789,Brenner,VAS,Atacante,mandante,BAH,1.8,0,0,0,0,1,0,2,0,0,0,0,0,0,0,0,0,0,0,0,0,0
3,99889,Alan Franco,SAO,Zagueiro,mandante,GRE,7.0,0,0,1,1,1,0,0,1,0,0,0,0,0,0,0,0,0,0,0,0,0
4,100342,Léo Andrade,REM,Zagueiro,mandante,INT,2.4,0,0,2,2,0,0,0,0,0,0,0,0,0,0,0,0,0,0,0,0,0
4,100695,Fernando,RBB,Atacante,mandante,CAP,0.5,0,0,0,0,0,0,1,0,0,0,0,0,0,0,0,0,0,0,0,0,0
4,100742,Matheus Henrique,CRU,Meia,mandante,COR,0.0,0,0,0,0,0,0,0,0,0,0,0,0,0,0,0,0,0,0,0,0,0
4,100842,Ruan,CAM,Zagueiro,visitante,GRE,1.7,0,0,1,1,0,0,1,0,0,0,0,0,0,0,0,0,0,0,0,0,0
4,101254,Alef Manga,REM,Atacante,mandante,INT,10.1,0,0,1,0,1,1,1,0,0,2,0,0,0,0,0,0,1,0,0,0,0
4,101290,Ferreira,SAO,Atacante,visitante,CFC,3.7,0,0,1,0,0,0,2,0,0,1,0,0,0,0,0,0,0,0,0,0,0
4,101319,Guga,FLU,Lateral,visitante,PAL,0.1,0,0,0,1,0,1,1,0,0,0,0,0,0,0,0,0,0,0,0,0,0
4,101405,Wallisson,CFC,Meia,mandante,SAO,7.2,0,1,5,2,1,0,1,0,0,0,0,0,0,0,0,0,0,0,0,0,0
4,101574,Hugo Souza,COR,Goleiro,visitante,CRU,1.6,0,0,0,0,0,0,0,0,0,0,0,2,1,0,0,0,0,0,0,0,0
4,101708,Felipe Jonatan,CFC,Lateral,mandante,SAO,2.0,0,0,1,0,0,0,1,0,0,0,0,0,0,0,0,0,0,0,0,0,0
4,101715,Alerrandro,INT,Atacante,visitante,REM,0.0,0,0,0,0,0,0,0,0,0,0,0,0,0,0,0,0,0,0,0,0,0
4,101729,Fabinho,CFC,Atacante,mandante,SAO,1.2,0,0,0,0,0,0,0,0,0,1,0,0,0,0,0,0,0,0,0,0,0
4,101960,Vitinho,INT,Atacante,visitante,REM,8.2,0,0,0,0,0,0,4,0,0,1,0,0,0,0,0,0,1,0,0,0,0
4,102130,Piquerez,PAL,Lateral,mandante,FLU,2.4,0,0,1,1,0,0,0,0,0,1,0,0,0,0,0,0,0,0,0,0,0
4,102796,Julimar,CAP,Atacante,visitante,RBB,8.8,0,0,0,0,1,0,0,0,1,0,0,0,0,0,0,0,0,0,0,0,0
4,102887,Bruno Lazaroni,VAS,Técnico,visitante,SAN,4.48,0,0,0,0,0,0,0,0,0,0,0,0,0,0,0,0,0,0,0,0,0
4,102909,Luan Vinícius,SAO,Meia,visitante,CFC,1.5,0,0,1,0,0,0,0,0,0,0,0,0,0,0,0,0,0,0,0,0,0
4,102911,Zé Ricardo,REM,Meia,mandante,INT,2.0,0,0,1,0,0,0,1,0,0,0,0,0,0,0,0,0,0,0,0,0,0
4,103056,Gabriel Brazão,SAN,Goleiro,mandante,VAS,-0.7,0,1,0,0,0,0,0,0,0,0,0,1,1,0,0,0,0,0,0,0,0
4,103295,Eric Ramires,RBB,Meia,mandante,CAP,-0.3,0,0,0,1,0,0,0,0,0,0,0,0,0,0,0,0,0,0,0,0,0
4,103445,Kaio Jorge,CRU,Atacante,mandante,COR,1.4,0,0,0,2,2,1,1,0,0,0,0,0,0,0,0,0,0,0,0,0,0
4,103523,Ignácio,FLU,Zagueiro,visitante,PAL,1.6,0,1,2,4,1,0,0,0,0,0,0,0,0,0,0,0,0,0,0,0,0
4,103767,Gabriel Menino,SAN,Meia,mandante,VAS,0.9,0,0,0,1,0,0,0,0,0,1,0,0,0,0,0,0,0,0,0,0,0
4,103912,Hernán Crespo,SAO,Técnico,visitante,CFC,6.9,0,0,0,0,0,0,0,0,0,0,0,0,0,0,1,0,0,0,0,0,0
4,104027,Rafael Guanaes,MIR,Técnico,visitante,FLA,0.0,0,0,0,0,0,0,0,0,0,0,0,0,0,0,0,0,0,0,0,0,0
4,104084,Carlos Miguel,PAL,Goleiro,mandante,FLU,6.8,0,0,0,0,0,0,0,0,0,0,0,6,1,0,0,0,0,0,0,0,0
4,104257,João Lucas,REM,Lateral,mandante,INT,6.0,0,1,4,1,1,0,1,0,0,0,0,0,0,0,0,0,0,0,0,0,0
4,104502,Christian,CRU,Meia,mandante,COR,2.0,0,0,0,0,1,0,0,0,0,1,0,0,0,0,0,0,0,0,0,0,0
4,104666,Moisés,SAN,Atacante,mandante,VAS,4.9,0,0,0,2,0,0,1,0,0,0,0,0,0,0,0,0,1,0,0,0,0
4,104754,Juan Vojvoda,SAN,Técnico,mandante,VAS,6.43,0,0,0,0,0,0,0,0,0,0,0,0,0,0,1,0,0,0,0,0,0
4,105048,Jajá,REM,Atacante,mandante,INT,2.8,0,0,1,0,1,0,1,0,0,0,0,0,0,0,0,0,0,0,0,0,0
4,105068,Reinier,CAM,Meia,visitante,GRE,0.5,0,0,0,0,0,0,1,0,0,0,0,0,0,0,0,0,0,0,0,0,0
4,105175,Khellven,PAL,Lateral,mandante,FLU,1.6,0,1,2,3,0,0,1,0,0,0,0,0,0,0,0,0,0,0,0,0,0
4,105563,Carlos Vinícius,GRE,Atacante,mandante,CAM,0.2,0,1,0,1,0,2,1,0,0,1,0,0,0,0,0,0,0,0,0,0,0
4,105584,Lucas Piton,VAS,Lateral,visitante,SAN,1.5,0,0,1,0,0,0,0,0,0,0,0,0,0,0,0,0,0,0,0,0,0
4,105647,Maurício,PAL,Meia,mandante,FLU,-0.3,0,0,0,1,0,0,0,0,0,0,0,0,0,0,0,0,0,0,0,0,0
4,105949,Rochet,INT,Goleiro,visitante,REM,5.5,0,0,0,0,0,0,0,0,0,0,0,5,1,0,0,0,0,0,0,0,0
4,106104,Enamorado,GRE,Atacante,mandante,CAM,2.7,0,0,2,1,0,0,0,0,0,0,0,0,0,0,0,0,0,0,0,0,0
4,106202,Bruno Gomes,INT,Meia,visitante,REM,3.7,0,0,2,1,0,0,2,0,0,0,0,0,0,0,0,0,0,0,0,0,0
4,106294,Marcos Antônio,SAO,Meia,visitante,CFC,2.0,0,0,1,0,0,0,1,0,0,0,0,0,0,0,0,0,0,0,0,0,0
4,106434,Eduardo Santos,RBB,Zagueiro,mandante,CAP,0.0,0,0,0,0,0,0,0,0,0,0,0,0,0,0,0,0,0,0,0,0,0
4,106593,Villalba,CRU,Zagueiro,mandante,COR,1.5,0,0,1,0,0,0,0,0,0,0,0,0,0,0,0,0,0,0,0,0,0
4,107172,Patrick de Paula,REM,Meia,mandante,INT,3.8,0,1,1,2,0,0,3,0,0,2,0,0,0,0,0,0,0,0,0,0,0
4,107554,Natanael,CAM,Lateral,visitante,GRE,-2.8,0,0,0,1,0,0,1,0,0,0,0,0,0,0,0,0,0,0,1,0,0
4,107873,Bobadilla,SAO,Meia,visitante,CFC,0.0,0,0,0,0,0,0,0,0,0,0,0,0,0,0,0,0,0,0,0,0,0
4,107985,Terán,CAP,Zagueiro,visitante,RBB,2.0,0,0,1,1,1,0,0,0,0,0,0,0,0,0,0,0,0,0,0,0,0
4,107989,Carbonero,INT,Atacante,visitante,REM,1.2,0,0,0,1,2,1,0,0,0,0,0,0,0,0,0,0,0,0,0,0,0
4,108133,Isidro Pitta,RBB,Atacante,mandante,CAP,-0.4,0,0,0,1,0,1,0,0,0,0,0,0,0,0,0,0,0,0,0,0,0
4,108162,Nardoni,GRE,Meia,mandante,CAM,0.7,0,1,1,1,0,0,1,0,0,0,0,0,0,0,0,0,0,0,0,0,0
4,108469,Adonis Frías,SAN,Zagueiro,mandante,VAS,0.0,0,0,0,0,0,0,0,0,0,0,0,0,0,0,0,0,0,0,0,0,0
4,108474,Santi Moreno,FLU,Atacante,visitante,PAL,0.0,0,0,0,0,0,0,0,0,0,0,0,0,0,0,0,0,0,0,0,0,0
4,108588,Tapia,SAO,Atacante,visitante,CFC,2.7,0,0,1,2,1,0,0,0,0,0,1,0,0,0,0,0,0,0,0,0,0
4,109573,Martinelli,FLU,Meia,visitante,PAL,-0.4,0,1,0,2,0,0,0,0,0,1,0,0,0,0,0,0,0,0,0,0,0
4,110144,Spinelli,VAS,Atacante,visitante,SAN,0.5,0,0,0,1,1,0,0,0,0,0,0,0,0,0,0,0,0,0,0,0,0
4,110426,Bernabei,INT,Lateral,visitante,REM,6.3,0,0,1,1,1,2,3,0,0,0,0,0,0,0,0,1,0,0,0,0,0
4,110506,Abel Ferreira,PAL,Técnico,mandante,FLU,6.96,0,0,0,0,0,0,0,0,0,0,0,0,0,0,1,0,0,0,0,0,0
4,110510,Aguirre,INT,Lateral,visitante,REM,2.6,0,0,2,3,0,0,1,0,0,0,0,0,0,0,0,0,0,0,0,0,0
4,110598,Marino Hinestroza,VAS,Atacante,visitante,SAN,1.9,0,0,1,2,0,0,2,0,0,0,0,0,0,0,0,0,0,0,0,0,0
4,110668,Esquivel,CAP,Lateral,visitante,RBB,2.4,0,0,1,3,1,0,2,0,0,0,0,0,0,0,0,0,0,0,0,0,0
4,110708,Pedro Rangel,CFC,Goleiro,mandante,SAO,0.3,0,0,0,0,0,0,0,0,0,0,0,1,1,0,0,0,0,0,0,0,0
4,110715,Andrés Hurtado,RBB,Lateral,mandante,CAP,2.3,0,0,1,0,1,0,0,0,0,0,0,0,0,0,0,0,0,0,0,0,0
4,110759,John Kennedy,FLU,Atacante,visitante,PAL,0.0,0,0,0,0,0,0,0,0,0,0,0,0,0,0,0,0,0,0,0,0,0
4,111246,Alix Vinicius,RBB,Zagueiro,mandante,CAP,-4.8,0,0,0,6,0,0,0,0,0,0,0,0,0,0,0,0,0,0,1,0,0
4,111309,Gustavo Martins,GRE,Zagueiro,mandante,CAM,-0.3,0,0,0,1,0,0,0,0,0,0,0,0,0,0,0,0,0,0,0,0,0
4,111577,Lucas Gonçalves,CAM,Técnico,visitante,GRE,4.37,0,0,0,0,0,0,0,0,0,0,0,0,0,0,0,0,0,0,0,0,0
4,111760,Fabinho,RBB,Meia,mandante,CAP,-3.1,0,0,0,2,0,0,1,0,0,0,0,0,0,0,0,0,0,0,1,0,0
4,111829,Kayky,INT,Atacante,visitante,REM,3.2,0,0,1,0,0,0,1,0,0,1,0,0,0,0,0,0,0,0,0,0,0
4,112576,Vini Paulista,CFC,Meia,mandante,SAO,3.5,0,0,1,0,0,0,4,0,0,0,0,0,0,0,0,0,0,0,0,0,0
4,112709,Kaiki Bruno,CRU,Lateral,mandante,COR,2.2,0,0,1,2,1,0,1,0,0,0,0,0,0,0,0,0,0,0,0,0,0
4,112863,Ramón Sosa,PAL,Atacante,mandante,FLU,4.2,0,0,1,1,0,0,0,0,0,0,0,0,0,0,0,1,0,0,0,0,0
4,112886,Lucas Barbosa,RBB,Atacante,mandante,CAP,7.4,0,0,4,2,0,0,4,0,0,0,0,0,0,0,0,0,0,0,0,0,0
4,113034,Freytes,FLU,Zagueiro,visitante,PAL,2.4,0,1,2,2,0,0,2,0,0,0,0,0,0,0,0,0,0,0,0,0,0
4,113103,Flaco López,PAL,Atacante,mandante,FLU,1.6,0,0,0,0,0,1,1,0,0,1,0,0,0,0,0,0,0,0,0,0,0
4,113113,Benavídez,CAP,Lateral,visitante,RBB,6.7,0,0,1,1,0,0,1,0,0,0,0,0,0,0,0,0,1,0,0,0,0
4,113125,Picco,REM,Meia,mandante,INT,11.2,0,1,3,1,0,0,0,0,1,0,0,0,0,0,0,0,0,0,0,0,0
4,113359,Pablo Maia,SAO,Meia,visitante,CFC,2.0,0,0,1,1,1,0,0,0,0,0,0,0,0,0,0,0,0,0,0,0,0
4,114040,Minda,CAM,Atacante,visitante,GRE,1.5,0,0,1,0,0,0,0,0,0,0,0,0,0,0,0,0,0,0,0,0,0
4,114308,Cufré,REM,Lateral,mandante,INT,-0.3,0,0,0,1,0,0,0,0,0,0,0,0,0,0,0,0,0,0,0,0,0
4,114802,Vitor Roque,PAL,Atacante,mandante,FLU,21.2,0,0,4,1,0,0,7,0,1,0,1,0,0,0,0,1,0,0,0,0,0
4,115025,Miguelito,SAN,Meia,mandante,VAS,3.0,0,0,2,0,0,0,0,0,0,0,0,0,0,0,0,0,0,0,0,0,0
4,115479,Paulo Pezzolano,INT,Técnico,visitante,REM,5.18,0,0,0,0,0,0,0,0,0,0,0,0,0,0,0,0,0,0,0,0,0
4,116034,Victor Hugo,CAM,Meia,visitante,GRE,8.0,0,0,0,0,0,0,0,0,1,0,0,0,0,0,0,0,0,0,0,0,0
4,116065,Cuiabano,VAS,Lateral,visitante,SAN,2.0,0,0,1,1,1,0,0,0,0,0,0,0,0,0,0,0,0,0,0,0,0
4,116447,Hércules,FLU,Meia,visitante,PAL,3.5,0,0,2,1,1,0,0,0,0,0,0,0,0,0,0,0,0,0,0,0,0
4,116706,Andrés Gómez,VAS,Atacante,visitante,SAN,5.6,0,0,0,2,1,1,1,0,0,0,0,0,0,0,0,0,1,0,0,0,0
4,117330,Robert Renan,VAS,Zagueiro,visitante,SAN,3.5,0,0,2,0,0,0,1,0,0,0,0,0,0,0,0,0,0,0,0,0,0
4,117632,Garro,COR,Meia,visitante,CRU,5.7,0,0,0,1,0,0,2,0,0,0,0,0,0,0,0,0,1,0,0,0,0
4,117910,Breno Bidon,COR,Meia,visitante,CRU,0.2,0,0,0,1,0,0,1,0,0,0,0,0,0,0,0,0,0,0,0,0,0
4,117930,Lavega,CFC,Atacante,mandante,SAO,1.0,0,1,1,1,1,0,0,0,0,0,0,0,0,0,0,0,0,0,0,0,0
4,117965,Martín Anselmi,BOT,Técnico,mandante,VIT,0.0,0,0,0,0,0,0,0,0,0,0,0,0,0,0,0,0,0,0,0,0,0
4,118655,Saldivia,VAS,Zagueiro,visitante,SAN,2.8,0,0,2,4,0,0,2,0,0,0,0,0,0,0,0,0,0,0,0,0,0
4,122394,Gustavinho,RBB,Meia,mandante,CAP,5.9,0,0,4,2,0,0,1,0,0,0,0,0,0,0,0,0,0,0,0,0,0
4,122441,Kayky Almeida,REM,Zagueiro,mandante,INT,1.7,0,0,1,1,0,0,1,0,0,0,0,0,0,0,0,0,0,0,0,0,0
4,122485,Barros,VAS,Meia,visitante,SAN,17.0,0,0,4,1,1,0,5,0,1,0,0,0,0,0,0,0,0,0,0,0,0
4,123101,Leozinho,CAP,Atacante,visitante,RBB,-0.3,0,0,0,1,0,0,0,0,0,0,0,0,0,0,0,0,0,0,0,0,0
4,123360,Cauly,SAO,Meia,visitante,CFC,9.5,0,0,1,4,0,0,0,0,1,1,0,0,0,0,0,0,0,0,0,0,0
4,123648,Lucas Ronier,CFC,Atacante,mandante,SAO,11.4,0,0,1,0,4,0,5,0,0,1,0,0,0,0,0,1,0,0,0,0,0
4,123689,Milans,COR,Lateral,visitante,CRU,4.9,0,0,3,2,0,0,2,0,0,0,0,0,0,0,0,0,0,0,0,0,0
4,123738,Herrera,RBB,Atacante,mandante,CAP,0.7,0,0,0,1,0,0,2,0,0,0,0,0,0,0,0,0,0,0,0,0,0
4,123744,Alan Rodríguez,INT,Meia,visitante,REM,0.0,0,0,0,0,0,0,0,0,0,0,0,0,0,0,0,0,0,0,0,0,0
4,123869,Aguirre,CAP,Zagueiro,visitante,RBB,1.2,0,0,0,0,0,0,0,0,0,1,0,0,0,0,0,0,0,0,0,0,0
4,124239,Henry Mosquera,RBB,Atacante,mandante,CAP,3.0,0,0,0,1,2,0,1,0,0,1,0,0,0,0,0,0,0,0,0,0,0
4,124270,Allex,INT,Meia,visitante,REM,2.3,0,0,1,0,1,0,0,0,0,0,0,0,0,0,0,0,0,0,0,0,0
4,124526,Giay,PAL,Lateral,mandante,FLU,2.7,0,0,2,1,0,0,0,0,0,0,0,0,0,0,0,0,0,0,0,0,0
4,125467,Viery,GRE,Zagueiro,mandante,CAM,2.1,0,0,2,3,0,0,0,0,0,0,0,0,0,0,0,0,0,0,0,0,0
4,125488,João Pedro,COR,Zagueiro,visitante,CRU,8.9,0,0,1,2,0,0,0,0,1,0,0,0,0,0,0,0,0,0,0,0,0
4,125746,Dudu,CAP,Meia,visitante,RBB,0.0,0,0,0,0,0,0,0,0,0,0,0,0,0,0,0,0,0,0,0,0,0
4,125803,Pedro Morisco,CFC,Goleiro,mandante,SAO,1.9,0,1,0,0,0,0,0,0,0,0,0,3,0,1,0,0,0,0,0,0,0
4,125926,Zapelli,CAP,Meia,visitante,RBB,-0.3,0,1,0,2,1,0,1,0,0,0,0,0,0,0,0,0,0,0,0,0,0
4,126182,Paulinho,INT,Meia,visitante,REM,2.0,0,0,1,1,1,0,0,0,0,0,0,0,0,0,0,0,0,0,0,0,0
4,126471,Barreal,SAN,Meia,mandante,VAS,6.3,0,0,4,3,1,1,1,0,0,0,0,0,0,0,0,0,0,0,0,0,0
4,126977,Fernando Seabra,CFC,Técnico,mandante,SAO,4.06,0,0,0,0,0,0,0,0,0,0,0,0,0,0,0,0,0,0,0,0,0
4,127970,Felipe Chiqueti,CAP,Meia,visitante,RBB,1.5,0,0,0,1,1,0,2,0,0,0,0,0,0,0,0,0,0,0,0,0,0
4,128431,João Cruz,CAP,Meia,visitante,RBB,1.6,0,0,0,0,2,0,0,0,0,0,0,0,0,0,0,0,0,0,0,0,0
4,128433,Johan Rojas,VAS,Meia,visitante,SAN,3.4,0,0,2,1,1,1,0,0,0,0,0,0,0,0,0,0,0,0,0,0,0
4,130048,Noriega,GRE,Zagueiro,mandante,CAM,15.7,0,0,2,1,0,0,0,0,1,0,0,0,0,0,0,0,1,0,0,0,0
4,130650,Bernal,FLU,Meia,visitante,PAL,-0.1,0,0,0,2,0,0,1,0,0,0,0,0,0,0,0,0,0,0,0,0,0
4,130843,Arthur Dias,CAP,Zagueiro,visitante,RBB,0.8,0,1,1,2,0,1,2,0,0,0,0,0,0,0,0,0,0,0,0,0,0
4,131516,JP Chermont,CFC,Lateral,mandante,SAO,1.5,0,0,1,0,0,0,0,0,0,0,0,0,0,0,0,0,0,0,0,0,0
4,131832,Portilla,CAP,Meia,visitante,RBB,-0.6,0,0,0,2,0,0,0,0,0,0,0,0,0,0,0,0,0,0,0,0,0
4,132071,Serna,FLU,Atacante,visitante,PAL,0.9,0,0,0,1,1,1,1,0,0,0,0,0,0,0,0,0,0,0,0,0,0
4,132264,Arroyo,CRU,Atacante,mandante,COR,-0.6,0,0,0,2,0,0,0,0,0,0,0,0,0,0,0,0,0,0,0,0,0
4,139076,Filipe Luís,FLA,Técnico,mandante,MIR,0.0,0,0,0,0,0,0,0,0,0,0,0,0,0,0,0,0,0,0,0,0,0
4,141451,Allan,PAL,Meia,mandante,FLU,17.1,0,0,5,1,0,1,4,0,1,0,0,0,0,0,0,0,0,0,0,0,0
4,141595,Gabriel Mec,GRE,Atacante,mandante,CAM,-0.3,0,1,0,2,1,0,1,0,0,0,0,0,0,0,0,0,0,0,0,0,0
4,141611,Maik,SAO,Lateral,visitante,CFC,6.5,0,0,1,0,0,0,0,1,0,0,0,0,0,0,0,0,0,0,0,0,0
4,141754,Gabriel Bontempo,SAN,Meia,mandante,VAS,2.4,0,0,2,2,0,0,0,0,0,0,0,0,0,0,0,0,0,0,0,0,0
4,141868,Vinicius Lira,SAN,Lateral,mandante,VAS,3.6,0,0,3,3,0,0,0,0,0,0,0,0,0,0,0,0,0,0,0,0,0
4,141995,Dieguinho,COR,Meia,visitante,CRU,1.6,0,0,1,1,0,1,1,0,0,0,0,0,0,0,0,0,0,0,0,0,0
4,142004,Amuzu,GRE,Atacante,mandante,CAM,5.4,0,0,2,0,3,0,0,0,0,0,0,0,0,0,0,0,0,0,0,0,0
4,142279,Nuno Moreira,VAS,Meia,visitante,SAN,3.2,0,0,1,0,0,0,1,0,0,1,0,0,0,0,0,0,0,0,0,0,0
4,143193,Viveros,CAP,Atacante,visitante,RBB,4.8,0,0,0,2,1,1,7,0,0,1,0,0,0,0,0,0,0,0,0,0,0
4,145744,André,COR,Meia,visitante,CRU,4.0,0,0,2,0,0,0,2,0,0,0,0,0,0,0,0,0,0,0,0,0,0
4,146040,João Pedro,REM,Atacante,mandante,INT,2.2,0,0,0,1,1,0,1,0,0,1,0,0,0,0,0,0,0,0,0,0,0
4,147088,Cissé,CAM,Meia,visitante,GRE,2.8,0,0,1,0,1,0,1,0,0,0,0,0,0,0,0,0,0,0,0,0,0
4,147545,Jefinho,GRE,Meia,mandante,CAM,1.5,0,0,1,0,0,0,0,0,0,0,0,0,0,0,0,0,0,0,0,0,0
4,147546,Roger,GRE,Meia,mandante,CAM,1.2,0,0,0,0,0,0,0,0,0,1,0,0,0,0,0,0,0,0,0,0,0
4,148215,Djhordney,SAO,Meia,visitante,CFC,-1.6,0,1,0,2,0,0,0,0,0,0,0,0,0,0,0,0,0,0,0,0,0
4,37656,Fábio,FLU,Goleiro,visitante,PAL,3.8,0,1,0,0,0,0,0,0,0,0,0,6,2,1,0,0,0,0,0,0,0
4,39148,Hulk,CAM,Atacante,visitante,GRE,5.3,0,0,2,0,1,0,3,0,0,0,0,0,0,0,0,0,0,0,0,0,0
4,39656,Alan Franco,CAM,Meia,visitante,GRE,6.2,0,0,4,1,0,0,1,0,0,0,0,0,0,0,0,0,0,0,0,0,0
4,39850,Vagner Mancini,RBB,Técnico,mandante,CAP,3.15,0,0,0,0,0,0,0,0,0,0,0,0,0,0,0,0,0,0,0,0,0
4,40990,Dorival Júnior,COR,Técnico,visitante,CRU,3.31,0,0,0,0,0,0,0,0,0,0,0,0,0,0,0,0,0,0,0,0,0
4,42234,Cássio,CRU,Goleiro,mandante,COR,0.8,0,0,0,0,0,0,1,0,0,0,0,1,1,0,0,0,0,0,0,0,0
4,42500,Fagner,CRU,Lateral,mandante,COR,0.0,0,0,0,0,0,0,0,0,0,0,0,0,0,0,0,0,0,0,0,0,0
4,45125,Tite,CRU,Técnico,mandante,COR,2.58,0,0,0,0,0,0,0,0,0,0,0,0,0,0,0,0,0,0,0,0,0
4,62977,Ganso,FLU,Meia,visitante,PAL,2.2,0,0,1,1,0,0,2,0,0,0,0,0,0,0,0,0,0,0,0,0,0
4,63007,Neymar,SAN,Meia,mandante,VAS,19.2,0,1,1,3,0,1,5,0,2,1,0,0,0,0,0,0,0,0,0,0,0
4,63008,Rafael Tolói,SAO,Zagueiro,visitante,CFC,10.6,0,1,4,2,0,0,0,1,0,1,0,0,0,0,0,0,0,0,0,0,0
4,68685,Alan Patrick,INT,Meia,visitante,REM,10.8,0,0,0,1,2,0,3,0,1,0,0,0,0,0,0,0,0,0,0,0,0
4,68920,Dudu,CAM,Atacante,visitante,GRE,1.7,0,0,0,0,0,0,1,0,0,1,0,0,0,0,0,0,0,0,0,0,0
4,68928,Rafael,SAO,Goleiro,visitante,CFC,7.6,0,0,0,0,0,0,0,1,0,0,0,2,0,0,0,0,0,0,0,0,0
4,69012,Santos,CAP,Goleiro,visitante,RBB,1.6,0,0,0,0,0,0,0,0,0,0,0,2,1,0,0,0,0,0,0,0,0
4,70164,Lucas Moura,SAO,Meia,visitante,CFC,0.0,0,0,0,0,0,0,0,0,0,0,0,0,0,0,0,0,0,0,0,0,0
4,70360,Eduardo Sasha,RBB,Atacante,mandante,CAP,2.1,0,0,0,0,0,1,2,0,0,1,0,0,0,0,0,0,0,0,0,0,0
4,70592,Felipe Anderson,PAL,Meia,mandante,FLU,0.0,0,0,0,0,0,0,0,0,0,0,0,0,0,0,0,0,0,0,0,0,0
4,70666,Marllon,REM,Zagueiro,mandante,INT,4.2,0,0,2,1,0,0,3,0,0,0,0,0,0,0,0,0,0,0,0,0,0
4,71123,Thiago Mendes,VAS,Meia,visitante,SAN,0.6,0,1,1,3,0,0,2,0,0,0,0,0,0,0,0,0,0,0,0,0,0
4,71227,Maicon,CFC,Zagueiro,mandante,SAO,1.5,0,0,1,0,0,0,0,0,0,0,0,0,0,0,0,0,0,0,0,0,0
4,71536,Luiz Gustavo,CAP,Meia,visitante,RBB,1.0,0,0,0,0,0,0,2,0,0,0,0,0,0,0,0,0,0,0,0,0,0
4,71631,Weverton,GRE,Goleiro,mandante,CAM,0.3,0,0,0,0,0,0,0,0,0,0,0,1,1,0,0,0,0,0,0,0,0
4,71684,Gustavo Gómez,PAL,Zagueiro,mandante,FLU,2.2,0,0,1,0,1,1,0,0,0,0,0,0,0,0,0,0,0,0,0,0,0
4,72294,Everson,CAM,Goleiro,visitante,GRE,9.5,0,0,0,0,0,0,0,0,0,0,0,5,2,0,0,0,1,0,0,0,0
4,72605,Vitor Hugo,CAM,Zagueiro,visitante,GRE,2.0,0,0,1,0,0,0,1,0,0,0,0,0,0,0,0,0,0,0,0,0,0
4,72951,Mercado,INT,Zagueiro,visitante,REM,1.0,0,1,1,1,1,0,0,0,0,0,0,0,0,0,0,0,0,0,0,0,0
4,73481,Gilmar Dal Pozzo,CHA,Técnico,visitante,BAH,0.0,0,0,0,0,0,0,0,0,0,0,0,0,0,0,0,0,0,0,0,0,0
4,73717,Juan Carlos Osorio,REM,Técnico,mandante,INT,4.29,0,0,0,0,0,0,0,0,0,0,0,0,0,0,0,0,0,0,0,0,0
4,77485,Carrillo,COR,Meia,visitante,CRU,0.4,0,1,1,3,1,0,0,0,0,0,0,0,0,0,0,0,0,0,0,0,0
4,77777,João Schmidt,SAN,Meia,mandante,VAS,-0.3,0,0,0,1,0,0,0,0,0,0,0,0,0,0,0,0,0,0,0,0,0
4,78435,Vitinho,COR,Atacante,visitante,CRU,1.7,0,0,0,0,0,0,1,0,0,1,0,0,0,0,0,0,0,0,0,0,0
4,78478,Willian Arão,SAN,Meia,mandante,VAS,0.2,0,0,0,1,0,0,1,0,0,0,0,0,0,0,0,0,0,0,0,0,0
4,79701,Lucas Silva,CRU,Meia,mandante,COR,0.0,0,0,0,0,0,0,0,0,0,0,0,0,0,0,0,0,0,0,0,0,0
4,80196,Yago Pikachu,REM,Meia,mandante,INT,0.0,0,0,0,0,0,0,0,0,0,0,0,0,0,0,0,0,0,0,0,0,0
4,80570,Wendell,SAO,Lateral,visitante,CFC,7.0,0,0,2,6,1,0,0,1,0,0,0,0,0,0,0,0,0,0,0,0,0
4,81952,Willian Oliveira,CFC,Meia,mandante,SAO,0.8,0,0,0,0,1,0,0,0,0,0,0,0,0,0,0,0,0,0,0,0,0
4,82455,Zé Rafael,SAN,Meia,mandante,VAS,2.9,0,0,2,2,0,0,1,0,0,0,0,0,0,0,0,0,0,0,0,0,0
4,82463,Otávio,FLU,Meia,visitante,PAL,1.7,0,0,0,0,0,0,1,0,0,1,0,0,0,0,0,0,0,0,0,0,0
4,82628,Tinga,CFC,Lateral,mandante,SAO,1.5,0,0,1,0,0,0,0,0,0,0,0,0,0,0,0,0,0,0,0,0,0
4,82730,Marcelo Rangel,REM,Goleiro,mandante,INT,2.9,0,0,0,0,0,0,0,0,0,0,0,3,1,0,0,0,0,0,0,0,0
4,84558,Lucas Romero,CRU,Meia,mandante,COR,0.7,0,1,0,0,0,0,1,0,0,1,0,0,0,0,0,0,0,0,0,0,0
4,84626,Josué,CFC,Meia,mandante,SAO,3.8,0,0,1,0,1,0,3,0,0,0,0,0,0,0,0,0,0,0,0,0,0
4,84674,Lucas Evangelista,PAL,Meia,mandante,FLU,0.0,0,0,0,0,0,0,0,0,0,0,0,0,0,0,0,0,0,0,0,0,0
4,84847,Luan Peres,SAN,Zagueiro,mandante,VAS,2.0,0,0,1,0,0,0,1,0,0,0,0,0,0,0,0,0,0,0,0,0,0
4,85048,Memphis Depay,COR,Atacante,visitante,CRU,-0.1,0,0,0,0,0,1,0,0,0,0,0,0,0,0,0,0,0,0,0,0,0
4,86686,Tchê Tchê,VAS,Meia,visitante,SAN,0.0,0,0,0,0,0,0,0,0,0,0,0,0,0,0,0,0,0,0,0,0,0
4,86859,José Welison,REM,Meia,mandante,INT,-1.9,0,1,0,3,0,0,0,0,0,0,0,0,0,0,0,0,0,0,0,0,0
4,87008,Léo Jardim,VAS,Goleiro,visitante,SAN,0.6,0,0,0,0,0,0,0,0,0,0,0,2,2,0,0,0,0,0,0,0,0
4,87225,Pedro Henrique,RBB,Zagueiro,mandante,CAP,0.2,0,1,1,1,0,0,0,0,0,0,0,0,0,0,0,0,0,0,0,0,0
4,87228,Guilherme Arana,FLU,Lateral,visitante,PAL,1.2,0,0,1,1,0,0,0,0,0,0,0,0,0,0,0,0,0,0,0,0,0
4,87258,Soteldo,FLU,Atacante,visitante,PAL,2.2,0,0,0,0,0,0,2,0,0,1,0,0,0,0,0,0,0,0,0,0,0
4,87470,Thaciano,SAN,Meia,mandante,VAS,3.1,0,0,0,0,2,0,3,0,0,0,0,0,0,0,0,0,0,0,0,0,0
4,87552,Vitor Bueno,REM,Meia,mandante,INT,1.4,0,0,0,1,0,0,1,0,0,1,0,0,0,0,0,0,0,0,0,0,0
4,87999,Gustavo Scarpa,CAM,Meia,visitante,GRE,-0.3,0,0,0,1,0,0,0,0,0,0,0,0,0,0,0,0,0,0,0,0,0
4,88037,Luís Castro,GRE,Técnico,mandante,CAM,6.06,0,0,0,0,0,0,0,0,0,0,0,0,0,0,1,0,0,0,0,0,0
4,89256,Gerson,CRU,Meia,mandante,COR,3.4,0,0,2,2,0,0,2,0,0,0,0,0,0,0,0,0,0,0,0,0,0
4,89273,João Pedro,GRE,Lateral,mandante,CAM,1.2,0,0,1,1,0,0,0,0,0,0,0,0,0,0,0,0,0,0,0,0,0
4,89274,Andreas Pereira,PAL,Meia,mandante,FLU,1.1,0,0,1,3,0,0,1,0,0,0,0,0,0,0,0,0,0,0,0,0,0
4,89275,William,CRU,Lateral,mandante,COR,3.9,0,0,5,2,0,0,0,0,0,0,0,0,0,0,0,0,0,0,1,0,0
4,89837,Lucho Acosta,FLU,Meia,visitante,PAL,11.7,0,0,1,0,0,0,2,0,1,1,0,0,0,0,0,0,0,0,0,0,0
4,89840,Calleri,SAO,Atacante,visitante,CFC,2.7,0,0,2,1,0,0,0,0,0,0,0,0,0,0,0,0,0,0,0,0,0
4,89883,Dodi,GRE,Meia,mandante,CAM,0.0,0,0,0,0,0,0,0,0,0,0,0,0,0,0,0,0,0,0,0,0,0
4,90031,Mendoza,CAP,Atacante,visitante,RBB,2.4,0,0,1,1,0,0,0,0,0,1,0,0,0,0,0,0,0,0,0,0,0
4,90302,Pedro Rocha,CFC,Atacante,mandante,SAO,2.1,0,0,0,1,3,0,0,0,0,0,0,0,0,0,0,0,0,0,0,0,0
4,90309,David,VAS,Atacante,visitante,SAN,0.2,0,0,0,1,0,0,1,0,0,0,0,0,0,0,0,0,0,0,0,0,0
4,90768,Fabrício Bruno,CRU,Zagueiro,mandante,COR,1.5,0,0,1,0,0,0,0,0,0,0,0,0,0,0,0,0,0,0,0,0,0
4,91573,Arboleda,SAO,Zagueiro,visitante,CFC,5.5,0,0,0,0,0,0,1,1,0,0,0,0,0,0,0,0,0,0,0,0,0
4,91607,Rony,SAN,Atacante,mandante,VAS,2.2,0,0,1,1,0,0,2,0,0,0,0,0,0,0,0,0,0,0,0,0,0
4,91706,Marlon,GRE,Lateral,mandante,CAM,17.9,0,0,2,2,1,0,1,0,1,1,0,0,0,0,0,0,1,0,0,0,0
4,91908,Pavón,GRE,Atacante,mandante,CAM,7.4,0,1,3,1,0,0,0,0,0,1,0,0,0,0,0,1,0,0,0,0,0
4,92180,Jair Ventura,VIT,Técnico,visitante,BOT,0.0,0,0,0,0,0,0,0,0,0,0,0,0,0,0,0,0,0,0,0,0,0
4,92273,Odair Hellmann,CAP,Técnico,visitante,RBB,3.05,0,0,0,0,0,0,0,0,0,0,0,0,0,0,0,0,0,0,0,0,0
4,92440,André Ramalho,COR,Zagueiro,visitante,CRU,0.9,0,1,1,2,0,0,2,0,0,0,0,0,0,0,0,0,0,0,0,0,0
4,92811,Bruno Rodrigues,CRU,Atacante,mandante,COR,0.5,0,0,0,0,0,0,1,0,0,0,0,0,0,0,0,0,0,0,0,0,0
4,92854,Borré,INT,Atacante,visitante,REM,2.9,0,0,2,4,0,1,0,0,0,1,0,0,0,0,0,0,0,0,0,0,0
4,92981,Ronaldo,INT,Meia,visitante,REM,0.8,0,0,0,0,1,0,0,0,0,0,0,0,0,0,0,0,0,0,0,0,0
4,93716,Paulo Henrique,VAS,Lateral,visitante,SAN,6.5,0,0,3,1,1,0,3,0,0,0,0,0,0,0,0,0,0,0,0,0,0
4,93790,Marlon Freitas,PAL,Meia,mandante,FLU,-1.6,0,1,0,2,0,0,0,0,0,0,0,0,0,0,0,0,0,0,0,0,0
4,93882,Cleiton,RBB,Goleiro,mandante,CAP,2.9,0,0,0,0,0,0,0,0,0,0,0,3,1,0,0,0,0,0,0,0,0
4,93988,Breno Lopes,CFC,Atacante,mandante,SAO,2.5,0,1,2,0,0,0,1,0,0,0,0,0,0,0,0,0,0,0,0,0,0
4,94067,Matheus Fernandes,RBB,Meia,mandante,CAP,3.5,0,0,2,0,0,0,1,0,0,0,0,0,0,0,0,0,0,0,0,0,0
4,94154,Maycon,CAM,Meia,visitante,GRE,2.0,0,0,1,0,0,0,1,0,0,0,0,0,0,0,0,0,0,0,0,0,0
4,94968,Juninho Capixaba,RBB,Lateral,mandante,CAP,14.7,0,0,4,1,0,0,2,0,1,0,0,0,0,0,0,0,0,0,0,0,0
4,95362,Cassierra,CAM,Atacante,visitante,GRE,0.8,0,0,0,0,1,0,0,0,0,0,0,0,0,0,0,0,0,0,0,0,0
4,95466,Igor Vinícius,SAN,Lateral,mandante,VAS,10.0,0,0,6,0,0,0,2,0,0,0,0,0,0,0,0,0,0,0,0,0,0
4,95556,Raniele,COR,Meia,visitante,CRU,2.0,0,0,1,0,0,0,1,0,0,0,0,0,0,0,0,0,0,0,0,0,0
4,96342,Charles,COR,Meia,visitante,CRU,1.5,0,0,1,0,0,0,0,0,0,0,0,0,0,0,0,0,0,0,0,0,0
4,96591,Renan Lodi,CAM,Lateral,visitante,GRE,0.0,0,0,0,0,0,0,0,0,0,0,0,0,0,0,0,0,0,0,0,0,0
4,96610,Matheus Pereira,CRU,Meia,mandante,COR,11.1,0,0,0,5,2,0,6,0,1,0,0,0,0,0,0,0,0,0,0,0,0
4,96652,Allan,COR,Meia,visitante,CRU,0.5,0,0,0,0,0,0,1,0,0,0,0,0,0,0,0,0,0,0,0,0,0
4,96831,Carlinhos,REM,Atacante,mandante,INT,-1.0,0,1,0,0,0,0,0,0,0,0,0,0,0,0,0,0,0,0,0,0,0
4,97341,Rogério Ceni,BAH,Técnico,mandante,CHA,0.0,0,0,0,0,0,0,0,0,0,0,0,0,0,0,0,0,0,0,0,0,0
4,97642,Félix Torres,INT,Zagueiro,visitante,REM,6.5,0,0,4,1,1,0,0,0,0,0,0,0,0,0,0,0,0,0,0,0,0
4,97653,Murilo,PAL,Zagueiro,mandante,FLU,3.9,0,0,2,1,0,0,0,0,0,1,0,0,0,0,0,0,0,0,0,0,0
4,97795,Marcelinho,REM,Lateral,mandante,INT,-0.3,0,0,0,1,0,0,0,0,0,0,0,0,0,0,0,0,0,0,0,0,0
4,97878,Jacy,CFC,Zagueiro,mandante,SAO,2.5,0,0,1,0,0,0,2,0,0,0,0,0,0,0,0,0,0,0,0,0,0
4,98225,Pedro Raul,COR,Atacante,visitante,CRU,0.1,0,0,0,2,1,1,0,0,0,0,0,0,0,0,0,0,0,0,0,0,0
4,98672,Savarino,FLU,Meia,visitante,PAL,9.3,0,0,0,0,3,0,3,0,0,2,0,0,0,0,0,1,0,0,0,0,0
4,98720,Angileri,COR,Lateral,visitante,CRU,2.5,0,1,2,0,0,0,1,0,0,0,0,0,0,0,0,0,0,0,0,0,0
4,98909,Cuello,CAM,Atacante,visitante,GRE,9.2,0,0,6,1,0,0,1,0,0,0,0,0,0,0,0,0,0,0,0,0,0
4,99366,Luis Zubeldía,FLU,Técnico,visitante,PAL,3.65,0,0,0,0,0,0,0,0,0,0,0,0,0,0,0,0,0,0,0,0,0
4,99789,Brenner,VAS,Atacante,visitante,SAN,0.0,0,0,0,0,0,0,0,0,0,0,0,0,0,0,0,0,0,0,0,0,0
4,99815,Arias,PAL,Meia,mandante,FLU,2.7,0,1,1,1,1,0,1,0,0,1,0,0,0,0,0,0,0,0,0,0,0
4,99889,Alan Franco,SAO,Zagueiro,visitante,CFC,5.2,0,1,1,1,0,0,0,1,0,0,0,0,0,0,0,0,0,0,0,0,0
5,100742,Matheus Henrique,CRU,Meia,visitante,FLA,3.0,0,0,1,1,1,0,2,0,0,0,0,0,0,0,0,0,0,0,0,0,0
5,100804,Tchamba,REM,Zagueiro,mandante,FLU,1.2,0,0,1,1,0,0,0,0,0,0,0,0,0,0,0,0,0,0,0,0,0
5,100842,Ruan,CAM,Zagueiro,mandante,INT,4.5,0,1,0,1,1,0,0,1,0,0,0,0,0,0,0,0,0,0,0,0,0
5,101254,Alef Manga,REM,Atacante,mandante,FLU,1.0,0,0,0,1,1,0,1,0,0,0,0,0,0,0,0,0,0,0,0,0,0
5,101314,Ademir,BAH,Atacante,mandante,VIT,1.7,0,0,1,1,0,0,1,0,0,0,0,0,0,0,0,0,0,0,0,0,0
5,101393,Eduardo Doma,CHA,Zagueiro,visitante,SAO,-0.3,0,0,0,1,0,0,0,0,0,0,0,0,0,0,0,0,0,0,0,0,0
5,101405,Wallisson,CFC,Meia,visitante,COR,2.5,0,0,2,3,0,1,1,0,0,0,0,0,0,0,0,0,0,0,0,0,0
5,101574,Hugo Souza,COR,Goleiro,mandante,CFC,-1.7,0,1,0,0,0,0,0,0,0,0,0,1,2,0,0,0,0,0,0,0,0
5,101594,Hugo Moura,VAS,Meia,mandante,PAL,2.5,0,0,1,0,0,0,2,0,0,0,0,0,0,0,0,0,0,0,0,0,0
5,101597,Ramon,VIT,Lateral,visitante,BAH,8.8,0,0,1,4,0,0,1,0,1,0,0,0,0,0,0,0,0,0,0,0,0
5,101715,Alerrandro,INT,Atacante,visitante,CAM,1.8,0,0,0,0,2,3,1,0,0,0,0,0,0,0,0,0,0,0,0,0,0
5,101727,Matheuzinho,COR,Lateral,mandante,CFC,0.2,0,0,0,1,0,0,1,0,0,0,0,0,0,0,0,0,0,0,0,0,0
5,101729,Fabinho,CFC,Atacante,visitante,COR,-1.6,0,1,0,2,0,0,0,0,0,0,0,0,0,0,0,0,0,0,0,0,0
5,101960,Vitinho,INT,Atacante,visitante,CAM,-0.3,0,0,0,1,0,0,0,0,0,0,0,0,0,0,0,0,0,0,0,0,0
5,102318,Caio Paulista,GRE,Lateral,mandante,RBB,2.0,0,0,1,0,0,0,1,0,0,0,0,0,0,0,0,0,0,0,0,0,0
5,102340,Cacá,VIT,Zagueiro,visitante,BAH,2.7,0,0,2,1,0,0,0,0,0,0,0,0,0,0,0,0,0,0,0,0,0
5,102911,Zé Ricardo,REM,Meia,mandante,FLU,1.5,0,0,1,0,0,0,0,0,0,0,0,0,0,0,0,0,0,0,0,0,0
5,102928,Canobbio,FLU,Atacante,visitante,REM,14.2,0,0,2,2,1,0,0,0,1,0,0,0,0,0,0,1,0,0,0,0,0
5,103388,Emmanuel Martínez,VIT,Meia,visitante,BAH,4.5,0,0,3,5,0,0,3,0,0,0,0,0,0,0,0,0,0,0,0,0,0
5,104027,Rafael Guanaes,MIR,Técnico,mandante,SAN,0.0,0,0,0,0,0,0,0,0,0,0,0,0,0,0,0,0,0,0,0,0,0
5,104036,Labyad,COR,Meia,mandante,CFC,0.5,0,0,0,0,0,0,1,0,0,0,0,0,0,0,0,0,0,0,0,0,0
5,104075,Sabino,SAO,Zagueiro,mandante,CHA,5.6,0,0,1,3,0,0,0,1,0,0,0,0,0,0,0,0,0,0,0,0,0
5,104084,Carlos Miguel,PAL,Goleiro,visitante,VAS,3.2,0,0,0,0,0,0,0,0,0,0,0,4,2,0,0,0,0,0,0,0,0
5,104085,Bruno Fuchs,PAL,Zagueiro,visitante,VAS,1.5,0,0,1,0,0,0,0,0,0,0,0,0,0,0,0,0,0,0,0,0,0
5,104118,Lucas Arcanjo,VIT,Goleiro,visitante,BAH,10.5,0,1,0,0,0,0,0,0,0,0,0,5,1,1,0,0,0,0,0,1,0
5,104134,Fabri,VIT,Atacante,visitante,BAH,1.5,0,0,0,1,1,0,2,0,0,0,0,0,0,0,0,0,0,0,0,0,0
5,104257,João Lucas,REM,Lateral,mandante,FLU,6.2,0,0,4,1,0,0,1,0,0,0,0,0,0,0,0,0,0,0,0,0,0
5,104470,Everton,CHA,Lateral,visitante,SAO,1.4,0,0,0,1,0,0,1,0,0,1,0,0,0,0,0,0,0,0,0,0,0
5,104502,Christian,CRU,Meia,visitante,FLA,3.9,0,0,1,1,1,1,4,0,0,0,0,0,0,0,0,0,0,0,0,0,0
5,104519,Camilo,CHA,Meia,visitante,SAO,2.9,0,0,2,2,0,0,1,0,0,0,0,0,0,0,0,0,0,0,0,0,0
5,104754,Juan Vojvoda,SAN,Técnico,visitante,MIR,0.0,0,0,0,0,0,0,0,0,0,0,0,0,0,0,0,0,0,0,0,0,0
5,104783,Acevedo,BAH,Meia,mandante,VIT,1.8,0,0,1,4,0,0,3,0,0,0,0,0,0,0,0,0,0,0,0,0,0
5,104811,Sebastián Gómez,CFC,Meia,visitante,COR,1.1,0,0,1,3,0,0,1,0,0,0,0,0,0,0,0,0,0,0,0,0,0
5,105048,Jajá,REM,Atacante,mandante,FLU,0.8,0,0,0,1,0,1,0,0,0,1,0,0,0,0,0,0,0,0,0,0,0
5,105068,Reinier,CAM,Meia,mandante,INT,-0.3,0,0,0,1,0,0,0,0,0,0,0,0,0,0,0,0,0,0,0,0,0
5,105175,Khellven,PAL,Lateral,visitante,VAS,4.4,0,0,3,2,0,0,1,0,0,0,0,0,0,0,0,0,0,0,0,0,0
5,105373,Gabriel Xavier,BAH,Zagueiro,mandante,VIT,2.7,0,0,2,1,0,0,0,0,0,0,0,0,0,0,0,0,0,0,0,0,0
5,105436,Carrascal,FLA,Meia,mandante,CRU,8.8,0,0,0,0,1,0,0,0,1,0,0,0,0,0,0,0,0,0,0,0,0
5,105531,Matheus Bidu,COR,Lateral,mandante,CFC,5.4,0,0,3,2,0,0,3,0,0,0,0,0,0,0,0,0,0,0,0,0,0
5,105563,Carlos Vinícius,GRE,Atacante,mandante,RBB,12.7,0,0,0,2,0,1,0,0,1,2,0,0,0,0,0,1,0,0,0,0,0
5,105584,Lucas Piton,VAS,Lateral,mandante,PAL,1.5,0,0,1,0,0,0,0,0,0,0,0,0,0,0,0,0,0,0,0,0,0
5,105664,Walter Clar,CHA,Lateral,visitante,SAO,-0.3,0,0,0,1,0,0,0,0,0,0,0,0,0,0,0,0,0,0,0,0,0
5,105842,Edu,VIT,Zagueiro,visitante,BAH,1.5,0,0,1,0,0,0,0,0,0,0,0,0,0,0,0,0,0,0,0,0,0
5,105949,Rochet,INT,Goleiro,visitante,CAM,1.6,0,0,0,0,0,0,0,0,0,0,0,2,1,0,0,0,0,0,0,0,0
5,105990,Santiago Mingo,BAH,Zagueiro,mandante,VIT,-1.6,0,1,0,2,0,0,0,0,0,0,0,0,0,0,0,0,0,0,0,0,0
5,106104,Enamorado,GRE,Atacante,mandante,RBB,8.2,0,1,0,3,3,0,3,0,0,1,0,0,0,0,0,0,1,0,0,0,0
5,106202,Bruno Gomes,INT,Meia,visitante,CAM,1.5,0,0,1,0,0,0,0,0,0,0,0,0,0,0,0,0,0,0,0,0,0
5,106294,Marcos Antônio,SAO,Meia,mandante,CHA,8.7,0,0,1,3,0,1,4,0,0,1,0,0,0,0,0,0,1,0,0,0,0
5,106302,Preciado,CAM,Lateral,mandante,INT,7.5,0,0,1,1,1,0,1,1,0,0,0,0,0,0,0,0,0,0,0,0,0
5,106434,Eduardo Santos,RBB,Zagueiro,visitante,GRE,0.0,0,0,0,0,0,0,0,0,0,0,0,0,0,0,0,0,0,0,0,0,0
5,106593,Villalba,CRU,Zagueiro,visitante,FLA,1.2,0,0,1,1,0,0,0,0,0,0,0,0,0,0,0,0,0,0,0,0,0
5,106822,Rodrigo Nestor,BAH,Meia,mandante,VIT,5.2,0,0,2,1,1,0,1,0,0,1,0,0,0,0,0,0,0,0,0,0,0
5,107093,Luciano Juba,BAH,Lateral,mandante,VIT,2.4,0,0,1,1,0,0,0,0,0,1,0,0,0,0,0,0,0,0,0,0,0
5,107172,Patrick de Paula,REM,Meia,mandante,FLU,5.9,0,1,3,1,0,0,3,0,0,1,0,0,0,0,0,0,0,0,0,0,0
5,107173,Michel Araújo,BAH,Meia,mandante,VIT,0.0,0,0,0,0,0,0,0,0,0,0,0,0,0,0,0,0,0,0,0,0,0
5,107174,Bruno Tabata,INT,Meia,visitante,CAM,1.3,0,0,0,1,0,1,1,0,0,1,0,0,0,0,0,0,0,0,0,0,0
5,107873,Bobadilla,SAO,Meia,mandante,CHA,13.0,0,0,2,0,1,0,0,0,0,1,0,0,0,0,0,1,1,0,0,0,0
5,107989,Carbonero,INT,Atacante,visitante,CAM,8.5,0,0,1,0,3,0,2,0,0,3,0,0,0,0,0,0,0,0,0,0,0
5,108133,Isidro Pitta,RBB,Atacante,visitante,GRE,-0.3,0,0,0,1,0,0,0,0,0,0,0,0,0,0,0,0,0,0,0,0,0
5,108162,Nardoni,GRE,Meia,mandante,RBB,1.2,0,0,1,1,0,0,0,0,0,0,0,0,0,0,0,0,0,0,0,0,0
5,109127,Tiago Cóser,CFC,Zagueiro,visitante,COR,4.7,0,0,0,1,0,0,0,1,0,0,0,0,0,0,0,0,0,0,0,0,0
5,109336,Rafael Carvalheira,CHA,Meia,visitante,SAO,-1.9,0,1,0,3,0,0,0,0,0,0,0,0,0,0,0,0,0,0,0,0,0
5,109401,Erick Pulga,BAH,Atacante,mandante,VIT,1.5,0,0,0,0,0,0,1,0,0,0,1,0,0,0,0,0,0,0,0,0,0
5,109573,Martinelli,FLU,Meia,visitante,REM,0.2,0,0,0,2,1,0,0,0,0,0,0,0,0,0,0,0,0,0,0,0,0
5,109966,Monsalve,GRE,Meia,mandante,RBB,0.5,0,0,0,1,1,0,0,0,0,0,0,0,0,0,0,0,0,0,0,0,0
5,110144,Spinelli,VAS,Atacante,mandante,PAL,0.9,0,0,1,2,0,0,0,0,0,0,0,0,0,0,0,0,0,0,0,0,0
5,110426,Bernabei,INT,Lateral,visitante,CAM,2.3,0,1,0,3,1,0,2,0,0,2,0,0,0,0,0,0,0,0,0,0,0
5,110506,Abel Ferreira,PAL,Técnico,visitante,VAS,4.32,0,0,0,0,0,0,0,0,0,0,0,0,0,0,0,0,0,0,0,0,0
5,110510,Aguirre,INT,Lateral,visitante,CAM,2.2,0,0,1,2,1,0,1,0,0,0,0,0,0,0,0,0,0,0,0,0,0
5,110708,Pedro Rangel,CFC,Goleiro,visitante,COR,6.8,0,0,0,0,0,0,1,1,0,0,0,1,0,0,0,0,0,0,0,0,0
5,110715,Andrés Hurtado,RBB,Lateral,visitante,GRE,8.1,0,0,3,0,3,0,0,0,0,1,0,0,0,0,0,0,0,0,0,0,0
5,110750,Gustavo Marques,RBB,Zagueiro,visitante,GRE,5.0,0,0,3,0,0,0,1,0,0,0,0,0,0,0,0,0,0,0,0,0,0
5,110759,John Kennedy,FLU,Atacante,visitante,REM,13.9,0,0,1,1,1,2,1,0,1,3,0,0,0,0,0,0,0,0,0,0,0
5,111309,Gustavo Martins,GRE,Zagueiro,mandante,RBB,1.7,0,0,0,0,0,0,1,0,0,1,0,0,0,0,0,0,0,0,0,0,0
5,111466,Victor Gabriel,INT,Zagueiro,visitante,CAM,0.5,0,1,2,5,0,0,0,0,0,0,0,0,0,0,0,0,0,0,0,0,0
5,111682,Adson,VAS,Meia,mandante,PAL,3.1,0,0,1,0,2,0,0,0,0,0,0,0,0,0,0,0,0,0,0,0,0
5,111690,Matheus Cunha,CRU,Goleiro,visitante,FLA,0.3,0,0,0,0,0,0,0,0,0,0,0,1,1,0,0,0,0,0,0,0,0
5,111829,Kayky,INT,Atacante,visitante,CAM,3.2,0,0,1,0,0,0,1,0,0,1,0,0,0,0,0,0,0,0,0,0,0
5,111832,Jefté,PAL,Lateral,visitante,VAS,-0.6,0,0,0,2,0,0,0,0,0,0,0,0,0,0,0,0,0,0,0,0,0
5,112576,Vini Paulista,CFC,Meia,visitante,COR,0.0,0,0,0,0,0,0,0,0,0,0,0,0,0,0,0,0,0,0,0,0,0
5,112709,Kaiki Bruno,CRU,Lateral,visitante,FLA,4.7,0,0,3,1,0,0,1,0,0,0,0,0,0,0,0,0,0,0,0,0,0
5,112863,Ramón Sosa,PAL,Atacante,visitante,VAS,-0.3,0,0,0,1,0,0,0,0,0,0,0,0,0,0,0,0,0,0,0,0,0
5,112886,Lucas Barbosa,RBB,Atacante,visitante,GRE,-0.2,0,1,0,7,1,1,2,0,0,1,0,0,0,0,0,0,0,0,0,0,0
5,113034,Freytes,FLU,Zagueiro,visitante,REM,6.2,0,0,1,1,0,0,0,1,0,0,0,0,0,0,0,0,0,0,0,0,0
5,113103,Flaco López,PAL,Atacante,visitante,VAS,8.0,0,0,0,3,0,1,2,0,1,0,0,0,0,0,0,0,0,0,0,0,0
5,113125,Picco,REM,Meia,mandante,FLU,0.5,0,0,0,1,1,0,0,0,0,0,0,0,0,0,0,0,0,0,0,0,0
5,113157,Nathan Mendes,VIT,Lateral,visitante,BAH,2.2,0,0,1,1,0,0,2,0,0,0,0,0,0,0,0,0,0,0,0,0,0
5,113359,Pablo Maia,SAO,Meia,mandante,CHA,-0.6,0,0,0,2,0,0,0,0,0,0,0,0,0,0,0,0,0,0,0,0,0
5,113397,Cristian Olivera,BAH,Atacante,mandante,VIT,1.4,0,0,0,2,0,0,4,0,0,0,0,0,0,0,0,0,0,0,0,0,0
5,114040,Minda,CAM,Atacante,mandante,INT,1.7,0,0,0,0,0,0,1,0,0,1,0,0,0,0,0,0,0,0,0,0,0
5,115479,Paulo Pezzolano,INT,Técnico,visitante,CAM,3.62,0,0,0,0,0,0,0,0,0,0,0,0,0,0,0,0,0,0,0,0,0
5,116034,Victor Hugo,CAM,Meia,mandante,INT,3.5,0,0,2,0,0,0,1,0,0,0,0,0,0,0,0,0,0,0,0,0,0
5,116065,Cuiabano,VAS,Lateral,mandante,PAL,13.7,0,0,3,0,0,0,0,0,1,1,0,0,0,0,0,0,0,0,0,0,0
5,116066,Rubens,CHA,Atacante,visitante,SAO,0.5,0,0,0,0,0,0,1,0,0,0,0,0,0,0,0,0,0,0,0,0,0
5,116447,Hércules,FLU,Meia,visitante,REM,1.1,0,1,2,3,0,0,0,0,0,0,0,0,0,0,0,0,0,0,0,0,0
5,116461,Jamerson,VIT,Lateral,visitante,BAH,0.0,0,0,0,0,0,0,0,0,0,0,0,0,0,0,0,0,0,0,0,0,0
5,116706,Andrés Gómez,VAS,Atacante,mandante,PAL,11.5,0,0,3,0,2,0,6,0,0,2,0,0,0,0,0,0,0,0,0,0,0
5,117330,Robert Renan,VAS,Zagueiro,mandante,PAL,1.2,0,0,1,1,0,0,0,0,0,0,0,0,0,0,0,0,0,0,0,0,0
5,117632,Garro,COR,Meia,mandante,CFC,1.1,0,0,0,2,0,0,1,0,0,1,0,0,0,0,0,0,0,0,0,0,0
5,117910,Breno Bidon,COR,Meia,mandante,CFC,1.7,0,0,0,2,1,0,3,0,0,0,0,0,0,0,0,0,0,0,0,0,0
5,117930,Lavega,CFC,Atacante,visitante,COR,3.4,0,0,2,1,1,1,0,0,0,0,0,0,0,0,0,0,0,0,0,0,0
5,117965,Martín Anselmi,BOT,Técnico,visitante,CAP,0.0,0,0,0,0,0,0,0,0,0,0,0,0,0,0,0,0,0,0,0,0,0
5,118563,Rodriguinho,RBB,Meia,visitante,GRE,7.6,0,1,0,1,0,1,2,0,1,0,0,0,0,0,0,0,0,0,0,0,0
5,118655,Saldivia,VAS,Zagueiro,mandante,PAL,0.5,0,0,0,0,0,0,1,0,0,0,0,0,0,0,0,0,0,0,0,0,0
5,122138,João Vitor,CHA,Meia,visitante,SAO,2.1,0,0,0,0,2,0,1,0,0,0,0,0,0,0,0,0,0,0,0,0,0
5,122394,Gustavinho,RBB,Meia,visitante,GRE,1.2,0,0,1,1,0,0,0,0,0,0,0,0,0,0,0,0,0,0,0,0,0
5,122485,Barros,VAS,Meia,mandante,PAL,2.0,0,0,1,0,0,0,1,0,0,0,0,0,0,0,0,0,0,0,0,0,0
5,122573,Wallace Yan,FLA,Atacante,mandante,CRU,-0.3,0,0,0,1,0,0,0,0,0,0,0,0,0,0,0,0,0,0,0,0,0
5,122660,Japa,CRU,Meia,visitante,FLA,3.3,0,0,1,0,1,0,2,0,0,0,0,0,0,0,0,0,0,0,0,0,0
5,123360,Cauly,SAO,Meia,mandante,CHA,0.0,0,0,0,0,0,0,0,0,0,0,0,0,0,0,0,0,0,0,0,0,0
5,123625,Ítalo,CHA,Atacante,visitante,SAO,2.0,0,0,1,0,0,0,1,0,0,0,0,0,0,0,0,0,0,0,0,0,0
5,123648,Lucas Ronier,CFC,Atacante,visitante,COR,17.5,0,1,6,1,1,0,2,0,1,0,0,0,0,0,0,0,0,0,0,0,0
5,123738,Herrera,RBB,Atacante,visitante,GRE,7.1,0,0,3,1,0,0,1,0,0,2,0,0,0,0,0,0,0,0,0,0,0
5,123744,Alan Rodríguez,INT,Meia,visitante,CAM,3.0,0,0,1,2,2,0,1,0,0,0,0,0,0,0,0,0,0,0,0,0,0
5,124239,Henry Mosquera,RBB,Atacante,visitante,GRE,4.3,0,1,1,0,2,0,2,0,0,1,0,0,0,0,0,0,0,0,0,0,0
5,124424,Rodrigo Castillo,FLU,Atacante,visitante,REM,2.7,0,0,1,0,1,1,1,0,0,0,0,0,0,0,0,0,0,0,0,0,0
5,124526,Giay,PAL,Lateral,visitante,VAS,0.5,0,0,0,0,0,0,1,0,0,0,0,0,0,0,0,0,0,0,0,0,0
5,124661,Iván Román,CAM,Zagueiro,mandante,INT,8.6,0,0,3,3,0,0,0,1,0,0,0,0,0,0,0,0,0,0,0,0,0
5,125467,Viery,GRE,Zagueiro,mandante,RBB,1.7,0,0,1,1,0,0,1,0,0,0,0,0,0,0,0,0,0,0,0,0,0
5,126182,Paulinho,INT,Meia,visitante,CAM,8.2,0,0,4,2,1,0,4,0,0,0,0,0,0,0,0,0,0,0,0,0,0
5,126189,Tomás Pérez,CAM,Meia,mandante,INT,-0.3,0,0,0,1,0,0,0,0,0,0,0,0,0,0,0,0,0,0,0,0,0
5,126977,Fernando Seabra,CFC,Técnico,visitante,COR,8.79,0,0,0,0,0,0,0,0,0,0,0,0,0,0,1,0,0,0,0,0,0
5,128433,Johan Rojas,VAS,Meia,mandante,PAL,0.9,0,0,0,1,0,0,0,0,0,1,0,0,0,0,0,0,0,0,0,0,0
5,130048,Noriega,GRE,Zagueiro,mandante,RBB,3.2,0,0,2,1,0,0,1,0,0,0,0,0,0,0,0,0,0,0,0,0,0
5,130612,Luighi,PAL,Atacante,visitante,VAS,0.7,0,1,1,2,1,0,0,0,0,0,0,0,0,0,0,0,0,0,0,0,0
5,131516,JP Chermont,CFC,Lateral,visitante,COR,5.7,0,0,0,1,0,0,2,1,0,0,0,0,0,0,0,0,0,0,0,0,0
5,131617,André Silva,SAO,Atacante,mandante,CHA,1.0,0,0,0,0,0,0,2,0,0,0,0,0,0,0,0,0,0,0,0,0,0
5,131967,Villarreal,CRU,Atacante,visitante,FLA,3.7,0,0,1,0,0,0,2,0,0,1,0,0,0,0,0,0,0,0,0,0,0
5,132071,Serna,FLU,Atacante,visitante,REM,-0.3,0,0,0,1,0,0,0,0,0,0,0,0,0,0,0,0,0,0,0,0,0
5,132264,Arroyo,CRU,Atacante,visitante,FLA,-0.3,0,0,0,1,0,0,0,0,0,0,0,0,0,0,0,0,0,0,0,0,0
5,132274,Ignacio Sosa,RBB,Meia,visitante,GRE,0.5,0,0,0,0,0,0,1,0,0,0,0,0,0,0,0,0,0,0,0,0,0
5,132553,Jemmes,FLU,Zagueiro,visitante,REM,9.2,0,0,3,1,0,0,0,1,0,0,0,0,0,0,0,0,0,0,0,0,0
5,133543,Gui Negão,COR,Atacante,mandante,CFC,2.7,0,0,2,1,0,0,0,0,0,0,0,0,0,0,0,0,0,0,0,0,0
5,136955,Sanabria,BAH,Atacante,mandante,VIT,3.0,0,0,0,0,1,0,2,0,0,1,0,0,0,0,0,0,0,0,0,0,0
5,140726,David Martins,BAH,Meia,mandante,VIT,0.0,0,0,0,0,0,0,0,0,0,0,0,0,0,0,0,0,0,0,0,0,0
5,141451,Allan,PAL,Meia,visitante,VAS,-0.1,0,1,0,1,0,0,0,0,0,1,0,0,0,0,0,0,0,0,0,0,0
5,141595,Gabriel Mec,GRE,Atacante,mandante,RBB,4.3,0,0,2,0,1,0,1,0,0,0,0,0,0,0,0,0,0,0,0,0,0
5,141995,Dieguinho,COR,Meia,mandante,CFC,1.3,0,0,0,0,1,0,1,0,0,0,0,0,0,0,0,0,0,0,0,0,0
5,142279,Nuno Moreira,VAS,Meia,mandante,PAL,0.5,0,0,0,0,0,0,1,0,0,0,0,0,0,0,0,0,0,0,0,0,0
5,142593,Nicolás Ferreira,REM,Atacante,mandante,FLU,0.2,0,0,0,2,1,0,0,0,0,0,0,0,0,0,0,0,0,0,0,0,0
5,143173,Leonel Pérez,GRE,Meia,mandante,RBB,-0.3,0,0,0,1,0,0,0,0,0,0,0,0,0,0,0,0,0,0,0,0,0
5,145404,Arthur,PAL,Lateral,visitante,VAS,0.0,0,0,0,0,0,0,0,0,0,0,0,0,0,0,0,0,0,0,0,0,0
5,145659,Nicolas,SAO,Lateral,mandante,CHA,5.0,0,0,0,0,0,0,0,1,0,0,0,0,0,0,0,0,0,0,0,0,0
5,145744,André,COR,Meia,mandante,CFC,3.1,0,0,1,0,2,0,0,0,0,0,0,0,0,0,0,0,0,0,0,0,0
5,146040,João Pedro,REM,Atacante,mandante,FLU,-0.5,0,1,0,1,1,0,0,0,0,0,0,0,0,0,0,0,0,0,0,0,0
5,147546,Roger,GRE,Meia,mandante,RBB,1.2,0,0,1,1,0,0,0,0,0,0,0,0,0,0,0,0,0,0,0,0,0
5,147864,Rafael Monti,REM,Atacante,mandante,FLU,0.0,0,0,0,0,0,0,0,0,0,0,0,0,0,0,0,0,0,0,0,0,0
5,37457,Léo Condé,REM,Técnico,mandante,FLU,2.96,0,0,0,0,0,0,0,0,0,0,0,0,0,0,0,0,0,0,0,0,0
5,37656,Fábio,FLU,Goleiro,visitante,REM,8.9,0,0,0,0,0,0,0,1,0,0,0,3,0,0,0,0,0,0,0,0,0
5,39148,Hulk,CAM,Atacante,mandante,INT,8.2,0,0,0,3,0,1,6,0,0,1,0,0,0,0,0,0,1,0,0,0,0
5,39656,Alan Franco,CAM,Meia,mandante,INT,3.9,0,0,3,2,0,0,0,0,0,0,0,0,0,0,0,0,0,0,0,0,0
5,39850,Vagner Mancini,RBB,Técnico,visitante,GRE,4.79,0,0,0,0,0,0,0,0,0,0,0,0,0,0,0,0,0,0,0,0,0
5,40990,Dorival Júnior,COR,Técnico,mandante,CFC,2.37,0,0,0,0,0,0,0,0,0,0,0,0,0,0,0,0,0,0,0,0,0
5,41929,Renato Gaúcho,VAS,Técnico,mandante,PAL,6.95,0,0,0,0,0,0,0,0,0,0,0,0,0,0,1,0,0,0,0,0,0
5,42234,Cássio,CRU,Goleiro,visitante,FLA,1.6,0,0,0,0,0,0,0,0,0,0,0,2,1,0,0,0,0,0,0,0,0
5,42500,Fagner,CRU,Lateral,visitante,FLA,-1.1,0,1,0,2,0,0,1,0,0,0,0,0,0,0,0,0,0,0,0,0,0
5,45125,Tite,CRU,Técnico,visitante,FLA,2.73,0,0,0,0,0,0,0,0,0,0,0,0,0,0,0,0,0,0,0,0,0
5,61987,Alex Sandro,FLA,Lateral,mandante,CRU,4.9,0,0,0,2,0,0,1,1,0,0,0,0,0,0,0,0,0,0,0,0,0
5,68685,Alan Patrick,INT,Meia,visitante,CAM,2.2,0,0,1,1,0,0,2,0,0,0,0,0,0,0,0,0,0,0,0,0,0
5,68920,Dudu,CAM,Atacante,mandante,INT,0.0,0,0,0,0,0,0,0,0,0,0,0,0,0,0,0,0,0,0,0,0,0
5,68928,Rafael,SAO,Goleiro,mandante,CHA,6.3,0,0,0,0,0,0,0,1,0,0,0,1,0,0,0,0,0,0,0,0,0
5,68938,Giovanni Augusto,CHA,Meia,visitante,SAO,1.2,0,0,1,1,0,0,0,0,0,0,0,0,0,0,0,0,0,0,0,0,0
5,68952,Marinho,VIT,Atacante,visitante,BAH,3.6,0,0,1,1,2,2,2,0,0,0,0,0,0,0,0,0,0,0,0,0,0
5,68996,Willian José,BAH,Atacante,mandante,VIT,2.7,0,0,0,0,0,0,1,0,0,1,0,0,0,0,0,0,1,0,0,0,1
5,69208,Gabriel Paulista,COR,Zagueiro,mandante,CFC,5.5,0,0,3,1,1,0,1,0,0,0,0,0,0,0,0,0,0,0,0,0,0
5,70164,Lucas Moura,SAO,Meia,mandante,CHA,1.8,0,0,0,1,2,0,1,0,0,0,0,0,0,0,0,0,0,0,0,0,0
5,70360,Eduardo Sasha,RBB,Atacante,visitante,GRE,2.8,0,0,0,0,2,0,0,0,0,1,0,0,0,0,0,0,0,0,0,0,0
5,70592,Felipe Anderson,PAL,Meia,visitante,VAS,5.4,0,0,4,2,0,0,0,0,0,0,0,0,0,0,0,0,0,0,0,0,0
5,70666,Marllon,REM,Zagueiro,mandante,FLU,3.2,0,0,2,1,0,0,1,0,0,0,0,0,0,0,0,0,0,0,0,0,0
5,70944,Bruno Henrique,INT,Meia,visitante,CAM,0.0,0,0,0,0,0,0,0,0,0,0,0,0,0,0,0,0,0,0,0,0,0
5,70958,Jean Carlos,CHA,Meia,visitante,SAO,2.5,0,0,1,0,0,0,2,0,0,0,0,0,0,0,0,0,0,0,0,0,0
5,71043,Léo Vieira,CHA,Goleiro,visitante,SAO,4.5,0,0,0,0,0,0,0,0,0,0,0,5,2,0,0,0,0,0,0,0,0
5,71123,Thiago Mendes,VAS,Meia,mandante,PAL,10.8,0,1,2,0,1,0,0,0,1,0,0,0,0,0,0,0,0,0,0,0,0
5,71227,Maicon,CFC,Zagueiro,visitante,COR,7.0,0,0,1,0,0,0,1,1,0,0,0,0,0,0,0,0,0,0,0,0,0
5,71631,Weverton,GRE,Goleiro,mandante,RBB,6.8,0,0,0,0,0,0,0,0,0,0,0,6,1,0,0,0,0,0,0,0,0
5,71684,Gustavo Gómez,PAL,Zagueiro,visitante,VAS,1.7,0,0,1,2,1,0,0,0,0,0,0,0,0,0,0,0,0,0,0,0,0
5,72294,Everson,CAM,Goleiro,mandante,INT,15.9,0,0,0,0,0,0,1,1,0,0,0,8,0,0,0,0,0,0,0,0,0
5,72605,Vitor Hugo,CAM,Zagueiro,mandante,INT,4.0,0,1,0,0,0,0,0,1,0,0,0,0,0,0,0,0,0,0,0,0,0
5,73384,Samuel Xavier,FLU,Lateral,visitante,REM,9.6,0,0,2,1,0,1,4,1,0,0,0,0,0,0,0,0,0,0,0,0,0
5,73481,Gilmar Dal Pozzo,CHA,Técnico,visitante,SAO,1.73,0,0,0,0,0,0,0,0,0,0,0,0,0,0,0,0,0,0,0,0,0
5,77485,Carrillo,COR,Meia,mandante,CFC,-1.6,0,1,0,2,0,0,0,0,0,0,0,0,0,0,0,0,0,0,0,0,0
5,78117,Everaldo,BAH,Atacante,mandante,VIT,0.2,0,0,0,1,0,0,1,0,0,0,0,0,0,0,0,0,0,0,0,0,0
5,78248,Gustavo Henrique,COR,Zagueiro,mandante,CFC,3.6,0,0,1,0,2,0,1,0,0,0,0,0,0,0,0,0,0,0,0,0,0
5,78435,Vitinho,COR,Atacante,mandante,CFC,1.7,0,0,1,1,0,0,1,0,0,0,0,0,0,0,0,0,0,0,0,0,0
5,78445,Renê,FLU,Lateral,visitante,REM,12.9,0,0,1,1,0,0,1,1,0,1,0,0,0,0,0,0,1,0,0,0,0
5,78605,Gabriel,RBB,Meia,visitante,GRE,0.2,0,0,0,1,0,0,1,0,0,0,0,0,0,0,0,0,0,0,0,0,0
5,78855,Thiago Santos,CFC,Zagueiro,visitante,COR,6.5,0,0,1,0,0,0,0,1,0,0,0,0,0,0,0,0,0,0,0,0,0
5,79437,Roger Machado,SAO,Técnico,mandante,CHA,9.87,0,0,0,0,0,0,0,0,0,0,0,0,0,0,1,0,0,0,0,0,0
5,79701,Lucas Silva,CRU,Meia,visitante,FLA,0.5,0,0,0,0,0,0,1,0,0,0,0,0,0,0,0,0,0,0,0,0,0
5,80196,Yago Pikachu,REM,Meia,mandante,FLU,3.0,0,0,2,0,0,0,0,0,0,0,0,0,0,0,0,0,0,0,0,0,0
5,80287,Luciano,SAO,Atacante,mandante,CHA,9.8,0,0,0,1,0,1,2,0,1,1,0,0,0,0,0,0,0,0,0,0,0
5,80570,Wendell,SAO,Lateral,mandante,CHA,7.4,0,0,2,2,0,0,0,1,0,0,0,0,0,0,0,0,0,0,0,0,0
5,81845,Alisson,FLU,Meia,visitante,REM,0.5,0,0,0,0,0,0,1,0,0,0,0,0,0,0,0,0,0,0,0,0,0
5,82463,Otávio,FLU,Meia,visitante,REM,1.5,0,0,1,0,0,0,0,0,0,0,0,0,0,0,0,0,0,0,0,0,0
5,82627,Luiz Araújo,FLA,Atacante,mandante,CRU,0.0,0,0,0,0,0,0,0,0,0,0,0,0,0,0,0,0,0,0,0,0,0
5,82730,Marcelo Rangel,REM,Goleiro,mandante,FLU,4.5,0,0,0,0,0,0,0,0,0,0,0,5,2,0,0,0,0,0,0,0,0
5,82775,Lucas Ramon,SAO,Lateral,mandante,CHA,11.2,0,0,3,0,0,0,1,1,0,1,0,0,0,0,0,0,0,0,0,0,0
5,83433,Patrick,REM,Meia,mandante,FLU,0.5,0,0,0,0,0,0,1,0,0,0,0,0,0,0,0,0,0,0,0,0,0
5,83528,Léo Pereira,FLA,Zagueiro,mandante,CRU,4.9,0,1,1,2,0,0,0,1,0,0,0,0,0,0,0,0,0,0,0,0,0
5,84339,Bruno Melo,CFC,Lateral,visitante,COR,5.5,0,0,0,0,0,0,1,1,0,0,0,0,0,0,0,0,0,0,0,0,0
5,84626,Josué,CFC,Meia,visitante,COR,12.7,0,0,0,1,1,0,2,0,0,1,0,0,0,0,0,0,2,0,0,0,0
5,84674,Lucas Evangelista,PAL,Meia,visitante,VAS,0.0,0,0,0,0,0,0,0,0,0,0,0,0,0,0,0,0,0,0,0,0,0
5,84735,Jorginho,FLA,Meia,mandante,CRU,2.4,0,0,2,2,0,0,0,0,0,0,0,0,0,0,0,0,0,0,0,0,0
5,84816,Varela,FLA,Lateral,mandante,CRU,5.0,0,0,0,0,0,0,0,1,0,0,0,0,0,0,0,0,0,0,0,0,0
5,85048,Memphis Depay,COR,Atacante,mandante,CFC,-0.1,0,0,0,2,0,0,1,0,0,0,0,0,0,0,0,0,0,0,0,0,0
5,85403,Danielzinho,SAO,Meia,mandante,CHA,3.6,0,0,1,0,2,0,1,0,0,0,0,0,0,0,0,0,0,0,0,0,0
5,86292,Bolasie,CHA,Atacante,visitante,SAO,2.2,0,0,0,1,0,0,5,0,0,0,0,0,0,0,0,0,0,0,0,0,0
5,86686,Tchê Tchê,VAS,Meia,mandante,PAL,0.0,0,1,0,1,1,0,1,0,0,0,0,0,0,0,0,0,0,0,0,0,0
5,86757,Everton,FLA,Atacante,mandante,CRU,2.0,0,0,1,1,1,0,0,0,0,0,0,0,0,0,0,0,0,0,0,0,0
5,87008,Léo Jardim,VAS,Goleiro,mandante,PAL,1.6,0,0,0,0,0,0,0,0,0,0,0,2,1,0,0,0,0,0,0,0,0
5,87225,Pedro Henrique,RBB,Zagueiro,visitante,GRE,5.5,0,0,3,0,0,0,2,0,0,0,0,0,0,0,0,0,0,0,0,0,0
5,87258,Soteldo,FLU,Atacante,visitante,REM,0.5,0,0,0,0,0,0,1,0,0,0,0,0,0,0,0,0,0,0,0,0,0
5,87552,Vitor Bueno,REM,Meia,mandante,FLU,1.7,0,0,0,0,0,0,1,0,0,1,0,0,0,0,0,0,0,0,0,0,0
5,87863,Arrascaeta,FLA,Meia,mandante,CRU,9.3,0,0,2,0,2,0,1,0,0,1,0,0,0,0,0,1,0,0,0,0,0
5,87999,Gustavo Scarpa,CAM,Meia,mandante,INT,1.3,0,0,0,0,1,0,1,0,0,0,0,0,0,0,0,0,0,0,0,0,0
5,88037,Luís Castro,GRE,Técnico,mandante,RBB,4.42,0,0,0,0,0,0,0,0,0,0,0,0,0,0,0,0,0,0,0,0,0
5,88293,Neto Pessoa,CHA,Atacante,visitante,SAO,2.8,0,0,1,0,1,0,1,0,0,0,0,0,0,0,0,0,0,0,0,0,0
5,88963,Leonardo Jardim,FLA,Técnico,mandante,CRU,9.46,0,0,0,0,0,0,0,0,0,0,0,0,0,0,1,0,0,0,0,0,0
5,89256,Gerson,CRU,Meia,visitante,FLA,2.7,0,0,1,1,0,0,3,0,0,0,0,0,0,0,0,0,0,0,0,0,0
5,89274,Andreas Pereira,PAL,Meia,visitante,VAS,4.4,0,0,2,2,1,0,0,0,0,1,0,0,0,0,0,0,0,0,0,0,0
5,89837,Lucho Acosta,FLU,Meia,visitante,REM,6.4,0,0,0,1,0,0,1,0,0,1,0,0,0,0,0,0,1,0,0,0,0
5,89840,Calleri,SAO,Atacante,mandante,CHA,12.1,0,0,2,0,0,1,0,0,1,1,0,0,0,0,0,0,0,0,0,0,0
5,89883,Dodi,GRE,Meia,mandante,RBB,0.0,0,0,0,0,0,0,0,0,0,0,0,0,0,0,0,0,0,0,0,0,0
5,90302,Pedro Rocha,CFC,Atacante,visitante,COR,1.0,0,0,1,3,0,1,1,0,0,0,0,0,0,0,0,0,0,0,0,0,0
5,90309,David,VAS,Atacante,mandante,PAL,5.0,0,0,0,0,0,0,0,0,0,0,0,0,0,0,0,0,1,0,0,0,0
5,90588,Caíque,VIT,Meia,visitante,BAH,2.7,0,0,2,1,0,0,0,0,0,0,0,0,0,0,0,0,0,0,0,0,0
5,90608,Chico da Costa,CRU,Atacante,visitante,FLA,0.9,0,0,0,1,0,0,0,0,0,1,0,0,0,0,0,0,0,0,0,0,0
5,90703,Matheuzinho,VIT,Meia,visitante,BAH,4.2,0,0,1,0,0,0,3,0,0,1,0,0,0,0,0,0,0,0,0,0,0
5,90768,Fabrício Bruno,CRU,Zagueiro,visitante,FLA,1.0,0,1,0,0,1,0,0,0,0,1,0,0,0,0,0,0,0,0,0,0,0
5,91101,Ronaldo,BAH,Goleiro,mandante,VIT,0.3,0,0,0,0,0,0,0,0,0,0,0,1,1,0,0,0,0,0,0,0,0
5,91473,Erick Pulgar,FLA,Meia,mandante,CRU,2.1,0,1,1,2,0,0,2,0,0,1,0,0,0,0,0,0,0,0,0,0,0
5,91573,Arboleda,SAO,Zagueiro,mandante,CHA,6.5,0,0,1,0,0,0,0,1,0,0,0,0,0,0,0,0,0,0,0,0,0
5,91706,Marlon,GRE,Lateral,mandante,RBB,2.4,0,1,1,2,0,0,5,0,0,0,0,0,0,0,0,0,0,0,0,0,0
5,91908,Pavón,GRE,Atacante,mandante,RBB,3.0,0,0,2,0,0,0,0,0,0,0,0,0,0,0,0,0,0,0,0,0,0
5,92180,Jair Ventura,VIT,Técnico,visitante,BAH,4.45,0,0,0,0,0,0,0,0,0,0,0,0,0,0,0,0,0,0,0,0,0
5,92273,Odair Hellmann,CAP,Técnico,mandante,BOT,0.0,0,0,0,0,0,0,0,0,0,0,0,0,0,0,0,0,0,0,0,0,0
5,92696,Renato Kayzer,VIT,Atacante,visitante,BAH,-0.1,0,0,0,2,0,0,1,0,0,0,0,0,0,0,0,0,0,0,0,0,0
5,92747,Eduardo Domínguez,CAM,Técnico,mandante,INT,8.14,0,0,0,0,0,0,0,0,0,0,0,0,0,0,1,0,0,0,0,0,0
5,92854,Borré,INT,Atacante,visitante,CAM,1.4,0,0,0,1,0,0,1,0,0,1,0,0,0,0,0,0,0,0,0,0,0
5,93411,Cantalapiedra,VIT,Meia,visitante,BAH,0.5,0,0,0,0,0,0,1,0,0,0,0,0,0,0,0,0,0,0,0,0,0
5,93478,Wanderson,CRU,Atacante,visitante,FLA,0.0,0,0,0,0,0,0,0,0,0,0,0,0,0,0,0,0,0,0,0,0,0
5,93716,Paulo Henrique,VAS,Lateral,mandante,PAL,9.7,0,0,2,1,0,0,4,0,0,0,0,0,0,0,0,0,1,0,0,0,0
5,93790,Marlon Freitas,PAL,Meia,visitante,VAS,8.0,0,0,2,0,0,0,0,0,0,0,0,0,0,0,0,0,1,0,0,0,0
5,93882,Cleiton,RBB,Goleiro,visitante,GRE,2.9,0,0,0,0,0,0,0,0,0,0,0,3,1,0,0,0,0,0,0,0,0
5,93988,Breno Lopes,CFC,Atacante,visitante,COR,-0.1,0,0,0,2,0,0,1,0,0,0,0,0,0,0,0,0,0,0,0,0,0
5,94067,Matheus Fernandes,RBB,Meia,visitante,GRE,0.8,0,0,0,0,1,0,0,0,0,0,0,0,0,0,0,0,0,0,0,0,0
5,94583,Pedro,FLA,Atacante,mandante,CRU,19.4,0,0,6,1,0,0,3,0,1,1,0,0,0,0,0,0,0,0,0,0,0
5,94930,Lucas Paquetá,FLA,Meia,mandante,CRU,6.3,0,0,3,5,1,0,5,0,0,0,0,0,0,0,0,0,0,0,0,0,0
5,94968,Juninho Capixaba,RBB,Lateral,visitante,GRE,7.2,0,1,2,1,0,0,1,0,0,0,0,0,0,0,0,0,1,0,0,0,0
5,95332,Marcinho,CHA,Atacante,visitante,SAO,-0.3,0,0,0,1,0,0,0,0,0,0,0,0,0,0,0,0,0,0,0,0,0
5,95362,Cassierra,CAM,Atacante,mandante,INT,0.5,0,0,0,0,0,0,1,0,0,0,0,0,0,0,0,0,0,0,0,0,0
5,95555,Sávio,REM,Lateral,mandante,FLU,2.9,0,0,1,1,1,1,2,0,0,0,0,0,0,0,0,0,0,0,0,0,0
5,95620,Bruno Leonardo,CHA,Zagueiro,visitante,SAO,0.0,0,0,0,0,0,0,0,0,0,0,0,0,0,0,0,0,0,0,0,0,0
5,96591,Renan Lodi,CAM,Lateral,mandante,INT,7.7,0,0,0,2,1,0,5,1,0,0,0,0,0,0,0,0,0,0,0,0,0
5,96610,Matheus Pereira,CRU,Meia,visitante,FLA,4.6,0,0,1,4,2,0,3,0,0,1,0,0,0,0,0,0,0,0,0,0,0
5,96652,Allan,COR,Meia,mandante,CFC,1.5,0,0,1,0,0,0,0,0,0,0,0,0,0,0,0,0,0,0,0,0,0
5,96793,Camutanga,VIT,Zagueiro,visitante,BAH,0.8,0,0,0,0,1,0,0,0,0,0,0,0,0,0,0,0,0,0,0,0,0
5,96870,Emerson Royal,FLA,Lateral,mandante,CRU,5.2,0,0,0,2,1,0,0,1,0,0,0,0,0,0,0,0,0,0,0,0,0
5,97341,Rogério Ceni,BAH,Técnico,mandante,VIT,3.85,0,0,0,0,0,0,0,0,0,0,0,0,0,0,0,0,0,0,0,0,0
5,97432,Victor Caetano,CHA,Zagueiro,visitante,SAO,-0.3,0,0,0,1,0,0,0,0,0,0,0,0,0,0,0,0,0,0,0,0,0
5,97642,Félix Torres,INT,Zagueiro,visitante,CAM,2.4,0,0,2,2,0,0,0,0,0,0,0,0,0,0,0,0,0,0,0,0,0
5,97810,Erick,VIT,Atacante,visitante,BAH,0.0,0,0,0,0,0,0,0,0,0,0,0,0,0,0,0,0,0,0,0,0,0
5,97867,Léo Ortiz,FLA,Zagueiro,mandante,CRU,7.7,0,0,0,1,0,0,0,1,0,0,0,0,0,0,0,1,0,0,0,0,0
5,97878,Jacy,CFC,Zagueiro,visitante,COR,13.0,0,0,0,0,0,0,0,1,1,0,0,0,0,0,0,0,0,0,0,0,0
5,98022,Erick,BAH,Meia,mandante,VIT,9.2,0,0,1,2,1,0,3,0,0,0,0,0,0,0,0,2,0,0,0,0,0
5,98225,Pedro Raul,COR,Atacante,mandante,CFC,0.7,0,0,0,1,0,0,2,0,0,0,0,0,0,0,0,0,0,0,0,0,0
5,98517,Jean Lucas,BAH,Meia,mandante,VIT,11.9,0,0,1,2,1,0,2,0,1,1,0,0,0,0,0,0,0,0,0,0,0
5,98672,Savarino,FLU,Meia,visitante,REM,2.2,0,0,1,0,1,1,0,0,0,0,0,0,0,0,0,0,0,0,0,0,0
5,98720,Angileri,COR,Lateral,mandante,CFC,0.5,0,0,0,0,0,0,1,0,0,0,0,0,0,0,0,0,0,0,0,0,0
5,98873,Samuel Lino,FLA,Atacante,mandante,CRU,4.7,0,0,0,1,0,0,0,0,0,0,0,0,0,0,0,0,1,0,0,0,0
5,98909,Cuello,CAM,Atacante,mandante,INT,11.8,0,0,3,2,0,1,0,0,1,0,0,0,0,0,0,0,0,0,0,0,0
5,99366,Luis Zubeldía,FLU,Técnico,visitante,REM,9.15,0,0,0,0,0,0,0,0,0,0,0,0,0,0,1,0,0,0,0,0,0
5,99440,Baralhas,VIT,Meia,visitante,BAH,5.6,0,0,4,3,0,0,1,0,0,0,0,0,0,0,0,0,0,0,0,0,0
5,99552,Rossi,FLA,Goleiro,mandante,CRU,10.7,0,0,0,0,0,0,1,1,0,0,0,4,0,0,0,0,0,0,0,0,0
5,99815,Arias,PAL,Meia,visitante,VAS,10.7,0,0,7,1,0,0,1,0,0,0,0,0,0,0,0,0,0,0,0,0,0
5,99889,Alan Franco,SAO,Zagueiro,mandante,CHA,6.2,0,0,1,1,0,0,0,1,0,0,0,0,0,0,0,0,0,0,0,0,0
6,100742,Matheus Henrique,CRU,Meia,mandante,VAS,4.3,0,0,2,0,1,0,1,0,0,0,0,0,0,0,0,0,0,0,0,0,0
6,100804,Tchamba,REM,Zagueiro,visitante,CFC,0.2,0,0,0,1,0,0,1,0,0,0,0,0,0,0,0,0,0,0,0,0,0
6,100842,Ruan,CAM,Zagueiro,visitante,VIT,2.7,0,1,2,1,0,0,2,0,0,0,0,0,0,0,0,0,0,0,0,0,0
6,100898,Vitinho,BOT,Lateral,mandante,FLA,4.7,0,0,3,1,0,0,1,0,0,0,0,0,0,0,0,0,0,0,0,0,0
6,101002,Júnior Santos,BOT,Atacante,mandante,FLA,2.0,0,0,1,0,0,0,1,0,0,0,0,0,0,0,0,0,0,0,0,0,0
6,101254,Alef Manga,REM,Atacante,visitante,CFC,1.6,0,0,0,1,2,2,1,0,0,0,0,0,0,0,0,0,0,0,0,0,0
6,101290,Ferreira,SAO,Atacante,visitante,RBB,0.0,0,0,0,0,0,0,0,0,0,0,0,0,0,0,0,0,0,0,0,0,0
6,101314,Ademir,BAH,Atacante,visitante,INT,0.4,0,0,0,0,0,1,1,0,0,0,0,0,0,0,0,0,0,0,0,0,0
6,101393,Eduardo Doma,CHA,Zagueiro,mandante,GRE,1.8,0,1,1,1,2,0,0,0,0,0,0,0,0,0,0,0,0,0,0,0,0
6,101405,Wallisson,CFC,Meia,mandante,REM,3.4,0,0,2,2,0,0,2,0,0,0,0,0,0,0,0,0,0,0,0,0,0
6,101574,Hugo Souza,COR,Goleiro,visitante,SAN,4.2,0,0,0,0,0,0,0,0,0,0,0,4,1,0,0,0,0,0,0,0,0
6,101594,Hugo Moura,VAS,Meia,visitante,CRU,2.3,0,0,1,0,1,0,0,0,0,0,0,0,0,0,0,0,0,0,0,0,0
6,101597,Ramon,VIT,Lateral,mandante,CAM,7.9,0,0,2,2,0,0,1,1,0,0,0,0,0,0,0,0,0,0,0,0,0
6,101715,Alerrandro,INT,Atacante,mandante,BAH,2.6,0,0,0,0,2,0,2,0,0,0,0,0,0,0,0,0,0,0,0,0,0
6,101727,Matheuzinho,COR,Lateral,visitante,SAN,6.0,0,0,3,1,1,0,2,0,0,0,0,0,0,0,0,0,0,0,0,0,0
6,101729,Fabinho,CFC,Atacante,mandante,REM,0.0,0,0,0,0,0,0,0,0,0,0,0,0,0,0,0,0,0,0,0,0,0
6,101807,Oliva,SAN,Meia,mandante,COR,7.0,0,0,4,1,1,0,1,0,0,0,0,0,0,0,0,0,0,0,0,0,0
6,101908,Willian Machado,MIR,Zagueiro,visitante,PAL,3.5,0,0,1,1,1,0,3,0,0,0,0,0,0,0,0,0,0,0,0,0,0
6,101960,Vitinho,INT,Atacante,mandante,BAH,1.4,0,0,0,1,0,0,1,0,0,1,0,0,0,0,0,0,0,0,0,0,0
6,102130,Piquerez,PAL,Lateral,mandante,MIR,5.5,0,0,0,0,0,0,1,1,0,0,0,0,0,0,0,0,0,0,0,0,0
6,102256,Rollheiser,SAN,Meia,mandante,COR,-1.3,0,1,0,1,0,0,0,0,0,0,0,0,0,0,0,0,0,0,0,0,0
6,102318,Caio Paulista,GRE,Lateral,visitante,CHA,2.0,0,0,1,0,0,0,1,0,0,0,0,0,0,0,0,0,0,0,0,0,0
6,102340,Cacá,VIT,Zagueiro,mandante,CAM,6.5,0,0,1,0,0,0,0,1,0,0,0,0,0,0,0,0,0,0,0,0,0
6,102667,Nathan Fogaça,MIR,Atacante,visitante,PAL,1.7,0,0,0,1,1,0,0,0,0,1,0,0,0,0,0,0,0,0,0,0,0
6,102796,Julimar,CAP,Atacante,visitante,FLU,1.5,0,0,1,0,0,0,0,0,0,0,0,0,0,0,0,0,0,0,0,0,0
6,102911,Zé Ricardo,REM,Meia,visitante,CFC,7.0,0,0,4,1,1,0,1,0,0,0,0,0,0,0,0,0,0,0,0,0,0
6,102928,Canobbio,FLU,Atacante,mandante,CAP,10.4,0,0,1,1,0,0,0,0,1,1,0,0,0,0,0,0,0,0,0,0,0
6,103056,Gabriel Brazão,SAN,Goleiro,mandante,COR,2.9,0,0,0,0,0,0,0,0,0,0,0,3,1,0,0,0,0,0,0,0,0
6,103388,Emmanuel Martínez,VIT,Meia,mandante,CAM,6.7,0,0,3,1,0,0,5,0,0,0,0,0,0,0,0,0,0,0,0,0,0
6,103523,Ignácio,FLU,Zagueiro,mandante,CAP,9.3,0,0,3,0,1,0,2,0,0,0,0,0,0,0,0,1,0,0,0,0,0
6,103767,Gabriel Menino,SAN,Meia,mandante,COR,3.0,0,0,2,0,0,0,0,0,0,0,0,0,0,0,0,0,0,0,0,0,0
6,103987,Higor Meritão,CHA,Meia,mandante,GRE,3.6,0,0,3,3,0,0,0,0,0,0,0,0,0,0,0,0,0,0,0,0,0
6,104027,Rafael Guanaes,MIR,Técnico,visitante,PAL,1.93,0,0,0,0,0,0,0,0,0,0,0,0,0,0,0,0,0,0,0,0,0
6,104075,Sabino,SAO,Zagueiro,visitante,RBB,10.4,0,0,1,3,1,0,2,0,1,0,0,0,0,0,0,0,0,0,0,0,0
6,104084,Carlos Miguel,PAL,Goleiro,mandante,MIR,7.1,0,1,0,0,0,0,1,1,0,0,0,2,0,0,0,0,0,0,0,0,0
6,104085,Bruno Fuchs,PAL,Zagueiro,mandante,MIR,4.4,0,0,0,2,0,0,0,1,0,0,0,0,0,0,0,0,0,0,0,0,0
6,104118,Lucas Arcanjo,VIT,Goleiro,mandante,CAM,8.9,0,0,0,0,0,0,0,1,0,0,0,3,0,0,0,0,0,0,0,0,0
6,104134,Fabri,VIT,Atacante,mandante,CAM,0.0,0,0,0,0,0,0,0,0,0,0,0,0,0,0,0,0,0,0,0,0,0
6,104191,Raul,BOT,Goleiro,mandante,FLA,0.9,0,0,0,0,0,0,0,0,0,0,0,3,3,0,0,0,0,0,0,0,0
6,104257,João Lucas,REM,Lateral,visitante,CFC,-0.8,0,1,0,1,0,0,1,0,0,0,0,0,0,0,0,0,0,0,0,0,0
6,104470,Everton,CHA,Lateral,mandante,GRE,1.2,0,1,1,2,1,0,1,0,0,0,0,0,0,0,0,0,0,0,0,0,0
6,104502,Christian,CRU,Meia,mandante,VAS,11.7,0,0,2,1,0,0,2,0,1,0,0,0,0,0,0,0,0,0,0,0,0
6,104693,Newton,BOT,Meia,mandante,FLA,0.5,0,0,0,0,0,0,1,0,0,0,0,0,0,0,0,0,0,0,0,0,0
6,104754,Juan Vojvoda,SAN,Técnico,mandante,COR,3.98,0,0,0,0,0,0,0,0,0,0,0,0,0,0,0,0,0,0,0,0,0
6,104758,Enzo Díaz,SAO,Lateral,visitante,RBB,1.9,0,1,1,2,0,0,4,0,0,0,0,0,0,0,0,0,0,0,0,0,0
6,104783,Acevedo,BAH,Meia,visitante,INT,4.9,0,0,3,2,0,0,2,0,0,0,0,0,0,0,0,0,0,0,0,0,0
6,104811,Sebastián Gómez,CFC,Meia,mandante,REM,4.3,0,1,2,3,1,0,0,0,0,2,0,0,0,0,0,0,0,0,0,0,0
6,105048,Jajá,REM,Atacante,visitante,CFC,6.1,0,1,2,1,3,0,4,0,0,0,0,0,0,0,0,0,0,0,0,0,0
6,105068,Reinier,CAM,Meia,visitante,VIT,2.7,0,0,0,1,1,0,2,0,0,1,0,0,0,0,0,0,0,0,0,0,0
6,105089,Tetê,GRE,Atacante,visitante,CHA,6.8,0,0,0,0,2,0,2,0,0,1,0,0,0,0,0,1,0,0,0,0,0
6,105300,Ferraresi,BOT,Zagueiro,mandante,FLA,2.7,0,0,2,1,0,0,0,0,0,0,0,0,0,0,0,0,0,0,0,0,0
6,105373,Gabriel Xavier,BAH,Zagueiro,visitante,INT,6.3,0,0,0,0,1,0,1,1,0,0,0,0,0,0,0,0,0,0,0,0,0
6,105436,Carrascal,FLA,Meia,visitante,BOT,8.6,0,0,4,0,2,0,2,0,0,0,0,0,0,0,0,0,0,0,0,0,0
6,105518,Renan Peixoto,CAP,Atacante,visitante,FLU,0.0,0,0,0,0,0,0,0,0,0,0,0,0,0,0,0,0,0,0,0,0,0
6,105531,Matheus Bidu,COR,Lateral,visitante,SAN,0.9,0,0,0,2,0,0,3,0,0,0,0,0,0,0,0,0,0,0,0,0,0
6,105563,Carlos Vinícius,GRE,Atacante,visitante,CHA,0.8,0,0,0,0,1,0,0,0,0,0,0,0,0,0,0,0,0,0,0,0,0
6,105584,Lucas Piton,VAS,Lateral,visitante,CRU,0.0,0,0,0,0,0,0,0,0,0,0,0,0,0,0,0,0,0,0,0,0,0
6,105647,Maurício,PAL,Meia,mandante,MIR,6.6,0,0,0,0,2,0,0,0,0,0,0,0,0,0,0,0,1,0,0,0,0
6,105664,Walter Clar,CHA,Lateral,mandante,GRE,8.2,0,0,0,1,0,0,1,0,1,0,0,0,0,0,0,0,0,0,0,0,0
6,105903,Aldo Filho,MIR,Meia,visitante,PAL,1.4,0,0,1,2,0,0,1,0,0,0,0,0,0,0,0,0,0,0,0,0,0
6,105949,Rochet,INT,Goleiro,mandante,BAH,3.1,0,0,1,0,0,0,0,0,0,0,0,2,1,0,0,0,0,0,0,0,0
6,105990,Santiago Mingo,BAH,Zagueiro,visitante,INT,5.2,0,0,0,1,0,0,1,1,0,0,0,0,0,0,0,0,0,0,0,0,0
6,106104,Enamorado,GRE,Atacante,visitante,CHA,0.0,0,0,0,0,0,0,0,0,0,0,0,0,0,0,0,0,0,0,0,0,0
6,106202,Bruno Gomes,INT,Meia,mandante,BAH,0.5,0,0,0,0,0,0,1,0,0,0,0,0,0,0,0,0,0,0,0,0,0
6,106294,Marcos Antônio,SAO,Meia,visitante,RBB,3.5,0,0,2,0,0,0,1,0,0,0,0,0,0,0,0,0,0,0,0,0,0
6,106302,Preciado,CAM,Lateral,visitante,VIT,3.2,0,1,2,2,1,0,2,0,0,0,0,0,0,0,0,0,0,0,0,0,0
6,106323,Caio Alexandre,BAH,Meia,visitante,INT,3.0,0,0,2,0,0,0,0,0,0,0,0,0,0,0,0,0,0,0,0,0,0
6,106593,Villalba,CRU,Zagueiro,mandante,VAS,0.5,0,0,0,1,1,0,0,0,0,0,0,0,0,0,0,0,0,0,0,0,0
6,106708,Igor Formiga,MIR,Lateral,visitante,PAL,4.7,0,0,3,2,1,0,0,0,0,0,0,0,0,0,0,0,0,0,0,0,0
6,106822,Rodrigo Nestor,BAH,Meia,visitante,INT,1.2,0,0,0,2,1,0,2,0,0,0,0,0,0,0,0,0,0,0,0,0,0
6,107093,Luciano Juba,BAH,Lateral,visitante,INT,4.2,0,1,0,1,0,0,1,1,0,0,0,0,0,0,0,0,0,0,0,0,0
6,107173,Michel Araújo,BAH,Meia,visitante,INT,2.7,0,0,2,1,0,0,0,0,0,0,0,0,0,0,0,0,0,0,0,0,0
6,107231,Danilo,BOT,Meia,mandante,FLA,3.5,0,0,2,1,1,0,0,0,0,0,0,0,0,0,0,0,0,0,0,0,0
6,107873,Bobadilla,SAO,Meia,visitante,RBB,2.2,0,1,2,1,0,0,1,0,0,0,0,0,0,0,0,0,0,0,0,0,0
6,107985,Terán,CAP,Zagueiro,visitante,FLU,2.5,0,0,1,0,0,0,2,0,0,0,0,0,0,0,0,0,0,0,0,0,0
6,107989,Carbonero,INT,Atacante,mandante,BAH,2.1,0,0,0,1,0,1,5,0,0,0,0,0,0,0,0,0,0,0,0,0,0
6,108133,Isidro Pitta,RBB,Atacante,mandante,SAO,1.6,0,0,0,0,2,0,0,0,0,0,0,0,0,0,0,0,0,0,0,0,0
6,108162,Nardoni,GRE,Meia,visitante,CHA,11.0,0,0,1,0,0,0,3,0,1,0,0,0,0,0,0,0,0,0,0,0,0
6,108469,Adonis Frías,SAN,Zagueiro,mandante,COR,4.2,0,0,3,1,0,0,0,0,0,0,0,0,0,0,0,0,0,0,0,0,0
6,108683,Emiliano Martínez,PAL,Meia,mandante,MIR,0.0,0,0,0,0,0,0,0,0,0,0,0,0,0,0,0,0,0,0,0,0,0
6,109096,Plata,FLA,Atacante,visitante,BOT,1.2,0,0,0,0,0,0,0,0,0,1,0,0,0,0,0,0,0,0,0,0,0
6,109127,Tiago Cóser,CFC,Zagueiro,mandante,REM,4.7,0,0,0,1,0,0,0,1,0,0,0,0,0,0,0,0,0,0,0,0,0
6,109336,Rafael Carvalheira,CHA,Meia,mandante,GRE,5.7,0,0,4,1,0,0,0,0,0,0,0,0,0,0,0,0,0,0,0,0,0
6,109401,Erick Pulga,BAH,Atacante,visitante,INT,3.9,0,0,2,0,0,1,2,0,0,0,0,0,0,0,0,0,0,0,0,0,0
6,109573,Martinelli,FLU,Meia,mandante,CAP,1.7,0,0,1,1,0,0,1,0,0,0,0,0,0,0,0,0,0,0,0,0,0
6,109966,Monsalve,GRE,Meia,visitante,CHA,-0.8,0,1,0,1,0,0,1,0,0,0,0,0,0,0,0,0,0,0,0,0,0
6,109987,Medina,BOT,Meia,mandante,FLA,2.9,0,0,1,3,1,0,3,0,0,0,0,0,0,0,0,0,0,0,0,0,0
6,110426,Bernabei,INT,Lateral,mandante,BAH,6.5,0,0,2,2,3,0,1,0,0,1,0,0,0,0,0,0,0,0,0,0,0
6,110506,Abel Ferreira,PAL,Técnico,mandante,MIR,7.57,0,0,0,0,0,0,0,0,0,0,0,0,0,0,1,0,0,0,0,0,0
6,110510,Aguirre,INT,Lateral,mandante,BAH,1.4,0,1,2,2,0,0,0,0,0,0,0,0,0,0,0,0,0,0,0,0,0
6,110605,Vinícius Balieiro,CHA,Meia,mandante,GRE,0.0,0,0,0,0,0,0,0,0,0,0,0,0,0,0,0,0,0,0,0,0,0
6,110668,Esquivel,CAP,Lateral,visitante,FLU,8.5,0,0,2,0,0,0,1,0,0,0,0,0,0,0,0,0,1,0,0,0,0
6,110708,Pedro Rangel,CFC,Goleiro,mandante,REM,6.3,0,0,0,0,0,0,0,1,0,0,0,1,0,0,0,0,0,0,0,0,0
6,110715,Andrés Hurtado,RBB,Lateral,mandante,SAO,0.0,0,0,0,0,0,0,0,0,0,0,0,0,0,0,0,0,0,0,0,0,0
6,110750,Gustavo Marques,RBB,Zagueiro,mandante,SAO,1.2,0,0,0,2,1,0,2,0,0,0,0,0,0,0,0,0,0,0,0,0,0
6,110759,John Kennedy,FLU,Atacante,mandante,CAP,3.8,0,0,1,3,1,0,0,0,0,2,0,0,0,0,0,0,0,0,0,0,0
6,111246,Alix Vinicius,RBB,Zagueiro,mandante,SAO,2.7,0,0,2,1,0,0,0,0,0,0,0,0,0,0,0,0,0,0,0,0,0
6,111466,Victor Gabriel,INT,Zagueiro,mandante,BAH,-0.2,0,1,1,4,0,0,1,0,0,0,0,0,0,0,0,0,0,0,0,0,0
6,111690,Matheus Cunha,CRU,Goleiro,mandante,VAS,-0.4,0,0,0,0,0,0,0,0,0,0,0,2,3,0,0,0,0,0,0,0,0
6,111831,Matheus Martins,BOT,Atacante,mandante,FLA,1.2,0,0,0,0,0,0,0,0,0,1,0,0,0,0,0,0,0,0,0,0,0
6,111951,Renzo López,VIT,Atacante,mandante,CAM,-0.2,0,0,0,4,0,0,2,0,0,0,0,0,0,0,0,0,0,0,0,0,0
6,112017,Felipinho,CAP,Meia,visitante,FLU,1.5,0,0,1,0,0,0,0,0,0,0,0,0,0,0,0,0,0,0,0,0,0
6,112576,Vini Paulista,CFC,Meia,mandante,REM,0.0,0,0,0,0,0,0,0,0,0,0,0,0,0,0,0,0,0,0,0,0,0
6,112709,Kaiki Bruno,CRU,Lateral,mandante,VAS,12.0,0,0,4,0,0,0,2,0,0,0,0,0,0,0,0,0,1,0,0,0,0
6,112886,Lucas Barbosa,RBB,Atacante,mandante,SAO,2.6,0,1,2,3,0,0,3,0,0,0,0,0,0,0,0,0,0,0,0,0,0
6,113034,Freytes,FLU,Zagueiro,mandante,CAP,0.2,0,0,0,1,0,0,1,0,0,0,0,0,0,0,0,0,0,0,0,0,0
6,113103,Flaco López,PAL,Atacante,mandante,MIR,12.7,0,0,1,4,3,0,4,0,1,0,0,0,0,0,0,0,0,0,0,0,0
6,113113,Benavídez,CAP,Lateral,visitante,FLU,2.0,0,0,1,0,0,0,1,0,0,0,0,0,0,0,0,0,0,0,0,0,0
6,113125,Picco,REM,Meia,visitante,CFC,1.9,0,0,1,4,2,0,0,0,0,0,0,0,0,0,0,0,0,0,0,0,0
6,113157,Nathan Mendes,VIT,Lateral,mandante,CAM,8.9,0,0,3,2,0,0,0,1,0,0,0,0,0,0,0,0,0,0,0,0,0
6,113359,Pablo Maia,SAO,Meia,visitante,RBB,0.5,0,0,0,0,0,0,1,0,0,0,0,0,0,0,0,0,0,0,0,0,0
6,113397,Cristian Olivera,BAH,Atacante,visitante,INT,2.4,0,0,0,1,1,1,4,0,0,0,0,0,0,0,0,0,0,0,0,0,0
6,114040,Minda,CAM,Atacante,visitante,VIT,0.0,0,0,0,0,0,0,0,0,0,0,0,0,0,0,0,0,0,0,0,0,0
6,115141,Lucas Freitas,VAS,Zagueiro,visitante,CRU,0.0,0,0,0,0,0,0,0,0,0,0,0,0,0,0,0,0,0,0,0,0,0
6,115479,Paulo Pezzolano,INT,Técnico,mandante,BAH,2.74,0,0,0,0,0,0,0,0,0,0,0,0,0,0,0,0,0,0,0,0,0
6,115914,Evertton Araújo,FLA,Meia,visitante,BOT,1.3,0,0,0,1,2,0,0,0,0,0,0,0,0,0,0,0,0,0,0,0,0
6,116034,Victor Hugo,CAM,Meia,visitante,VIT,0.0,0,0,0,0,0,0,0,0,0,0,0,0,0,0,0,0,0,0,0,0,0
6,116065,Cuiabano,VAS,Lateral,visitante,CRU,11.6,0,0,3,3,1,0,2,0,0,1,0,0,0,0,0,0,1,0,0,0,0
6,116447,Hércules,FLU,Meia,mandante,CAP,10.1,0,0,1,2,0,0,0,0,1,1,0,0,0,0,0,0,0,0,0,0,0
6,116706,Andrés Gómez,VAS,Atacante,visitante,CRU,4.7,0,1,2,1,0,0,0,0,0,0,0,0,0,0,0,1,0,0,0,0,0
6,117330,Robert Renan,VAS,Zagueiro,visitante,CRU,1.5,0,0,1,0,0,0,0,0,0,0,0,0,0,0,0,0,0,0,0,0,0
6,117632,Garro,COR,Meia,visitante,SAN,1.6,0,0,0,0,0,1,1,0,0,1,0,0,0,0,0,0,0,0,0,0,0
6,117910,Breno Bidon,COR,Meia,visitante,SAN,1.9,0,0,1,2,0,0,2,0,0,0,0,0,0,0,0,0,0,0,0,0,0
6,117930,Lavega,CFC,Atacante,mandante,REM,1.5,0,0,1,0,0,0,0,0,0,0,0,0,0,0,0,0,0,0,0,0,0
6,117965,Martín Anselmi,BOT,Técnico,mandante,FLA,1.82,0,0,0,0,0,0,0,0,0,0,0,0,0,0,0,0,0,0,0,0,0
6,118563,Rodriguinho,RBB,Meia,mandante,SAO,0.4,0,0,0,2,0,0,2,0,0,0,0,0,0,0,0,0,0,0,0,0,0
6,118655,Saldivia,VAS,Zagueiro,visitante,CRU,1.3,0,0,0,0,1,0,1,0,0,0,0,0,0,0,0,0,0,0,0,0,0
6,118844,Kaio César,COR,Atacante,visitante,SAN,9.3,0,1,2,1,0,1,3,0,0,1,0,0,0,0,0,0,1,0,0,0,0
6,120433,Léo Derik,CAP,Lateral,visitante,FLU,0.0,0,0,0,0,0,0,0,0,0,0,0,0,0,0,0,0,0,0,0,0,0
6,121824,Kayke,COR,Atacante,visitante,SAN,2.5,0,0,1,0,0,0,2,0,0,0,0,0,0,0,0,0,0,0,0,0,0
6,122138,João Vitor,CHA,Meia,mandante,GRE,4.7,0,0,3,2,1,0,0,0,0,0,0,0,0,0,0,0,0,0,0,0,0
6,122394,Gustavinho,RBB,Meia,mandante,SAO,3.6,0,0,3,3,0,0,0,0,0,0,0,0,0,0,0,0,0,0,0,0,0
6,122441,Kayky Almeida,REM,Zagueiro,visitante,CFC,0.0,0,0,0,0,0,0,0,0,0,0,0,0,0,0,0,0,0,0,0,0,0
6,122485,Barros,VAS,Meia,visitante,CRU,13.4,0,0,0,2,0,0,2,0,2,0,0,0,0,0,0,0,0,0,1,0,0
6,122660,Japa,CRU,Meia,mandante,VAS,8.0,0,0,0,0,0,0,0,0,1,0,0,0,0,0,0,0,0,0,0,0,0
6,123360,Cauly,SAO,Meia,visitante,RBB,-0.3,0,0,0,1,0,0,0,0,0,0,0,0,0,0,0,0,0,0,0,0,0
6,123625,Ítalo,CHA,Atacante,mandante,GRE,2.7,0,0,2,1,0,0,0,0,0,0,0,0,0,0,0,0,0,0,0,0,0
6,123648,Lucas Ronier,CFC,Atacante,mandante,REM,3.7,0,1,2,1,0,0,4,0,0,0,0,0,0,0,0,0,0,0,0,0,0
6,123738,Herrera,RBB,Atacante,mandante,SAO,8.0,0,1,1,4,1,1,0,0,1,0,0,0,0,0,0,0,0,0,0,0,0
6,123744,Alan Rodríguez,INT,Meia,mandante,BAH,0.2,0,0,0,1,0,0,1,0,0,0,0,0,0,0,0,0,0,0,0,0,0
6,123869,Aguirre,CAP,Zagueiro,visitante,FLU,0.5,0,0,0,0,0,0,1,0,0,0,0,0,0,0,0,0,0,0,0,0,0
6,124239,Henry Mosquera,RBB,Atacante,mandante,SAO,2.3,0,0,1,0,1,0,0,0,0,0,0,0,0,0,0,0,0,0,0,0,0
6,124424,Rodrigo Castillo,FLU,Atacante,mandante,CAP,1.7,0,0,0,0,0,0,1,0,0,1,0,0,0,0,0,0,0,0,0,0,0
6,124481,Mateo Ponte,BOT,Lateral,mandante,FLA,0.5,0,0,0,0,0,0,1,0,0,0,0,0,0,0,0,0,0,0,0,0,0
6,124526,Giay,PAL,Lateral,mandante,MIR,9.7,0,0,3,1,0,0,1,1,0,0,0,0,0,0,0,0,0,0,0,0,0
6,124661,Iván Román,CAM,Zagueiro,visitante,VIT,0.2,0,0,0,1,0,0,1,0,0,0,0,0,0,0,0,0,0,0,0,0,0
6,125467,Viery,GRE,Zagueiro,visitante,CHA,-1.6,0,1,0,2,0,0,2,0,0,0,0,0,0,1,0,0,0,0,0,0,0
6,125926,Zapelli,CAP,Meia,visitante,FLU,4.0,0,0,1,1,1,0,0,0,0,0,0,0,0,0,0,0,1,0,1,0,0
6,126182,Paulinho,INT,Meia,mandante,BAH,-1.1,0,1,0,2,0,0,1,0,0,0,0,0,0,0,0,0,0,0,0,0,0
6,126189,Tomás Pérez,CAM,Meia,visitante,VIT,1.9,0,1,2,3,1,0,0,0,0,0,0,0,0,0,0,0,0,0,0,0,0
6,126471,Barreal,SAN,Meia,mandante,COR,4.1,0,1,2,3,1,0,2,0,0,1,0,0,0,0,0,0,0,0,0,0,0
6,126977,Fernando Seabra,CFC,Técnico,mandante,REM,7.16,0,0,0,0,0,0,0,0,0,0,0,0,0,0,1,0,0,0,0,0,0
6,128433,Johan Rojas,VAS,Meia,visitante,CRU,-1.0,0,1,0,0,0,0,0,0,0,0,0,0,0,0,0,0,0,0,0,0,0
6,129666,JP,VAS,Meia,visitante,CRU,0.9,0,0,1,2,0,0,0,0,0,0,0,0,0,0,0,0,0,0,0,0,0
6,130048,Noriega,GRE,Zagueiro,visitante,CHA,-1.5,0,1,0,5,0,0,2,0,0,0,0,0,0,0,0,0,0,0,0,0,0
6,130620,Edenílson,VIT,Meia,mandante,CAM,2.9,0,0,2,2,0,0,1,0,0,0,0,0,0,0,0,0,0,0,0,0,0
6,130843,Arthur Dias,CAP,Zagueiro,visitante,FLU,0.5,0,0,0,0,0,0,1,0,0,0,0,0,0,0,0,0,0,0,0,0,0
6,131516,JP Chermont,CFC,Lateral,mandante,REM,13.0,0,0,2,0,0,0,0,1,0,0,0,0,0,0,0,0,1,0,0,0,0
6,131617,André Silva,SAO,Atacante,visitante,RBB,0.0,0,0,0,0,0,0,0,0,0,0,0,0,0,0,0,0,0,0,0,0,0
6,131832,Portilla,CAP,Meia,visitante,FLU,0.0,0,0,0,0,0,0,0,0,0,0,0,0,0,0,0,0,0,0,0,0,0
6,131967,Villarreal,CRU,Atacante,mandante,VAS,8.5,0,0,0,1,1,0,0,0,1,0,0,0,0,0,0,0,0,0,0,0,0
6,132071,Serna,FLU,Atacante,mandante,CAP,1.5,0,0,1,0,0,0,0,0,0,0,0,0,0,0,0,0,0,0,0,0,0
6,132264,Arroyo,CRU,Atacante,mandante,VAS,3.2,0,0,1,1,1,0,0,0,0,1,0,0,0,0,0,0,0,0,0,0,0
6,132553,Jemmes,FLU,Zagueiro,mandante,CAP,0.0,0,0,0,0,0,0,0,0,0,0,0,0,0,0,0,0,0,0,0,0,0
6,132580,Vinicinho,RBB,Atacante,mandante,SAO,2.5,0,0,1,0,0,0,2,0,0,0,0,0,0,0,0,0,0,0,0,0,0
6,136156,Larson,PAL,Meia,mandante,MIR,-0.3,0,0,0,1,0,0,0,0,0,0,0,0,0,0,0,0,0,0,0,0,0
6,136955,Sanabria,BAH,Atacante,visitante,INT,-0.3,0,0,0,1,0,0,0,0,0,0,0,0,0,0,0,0,0,0,0,0,0
6,140438,David,CHA,Meia,mandante,GRE,-0.3,0,0,0,1,0,0,0,0,0,0,0,0,0,0,0,0,0,0,0,0,0
6,141451,Allan,PAL,Meia,mandante,MIR,3.2,0,0,1,1,0,0,4,0,0,0,0,0,0,0,0,0,0,0,0,0,0
6,141595,Gabriel Mec,GRE,Atacante,visitante,CHA,0.7,0,0,0,1,0,0,2,0,0,0,0,0,0,0,0,0,0,0,0,0,0
6,141754,Gabriel Bontempo,SAN,Meia,mandante,COR,2.4,0,0,1,1,0,0,0,0,0,1,0,0,0,0,0,0,0,0,0,0,0
6,141776,Gustavo Henrique,SAN,Meia,mandante,COR,2.0,0,0,1,0,0,0,1,0,0,0,0,0,0,0,0,0,0,0,0,0,0
6,141868,Vinicius Lira,SAN,Lateral,mandante,COR,0.9,0,0,1,2,0,0,0,0,0,0,0,0,0,0,0,0,0,0,0,0,0
6,142004,Amuzu,GRE,Atacante,visitante,CHA,4.4,0,0,1,0,0,0,1,0,0,2,0,0,0,0,0,0,0,0,0,0,0
6,142265,Dell,BAH,Atacante,visitante,INT,1.4,0,0,1,2,0,0,1,0,0,0,0,0,0,0,0,0,0,0,0,0,0
6,142279,Nuno Moreira,VAS,Meia,visitante,CRU,-0.3,0,0,0,1,0,0,0,0,0,0,0,0,0,0,0,0,0,0,0,0,0
6,142484,Barrera,BOT,Meia,mandante,FLA,0.0,0,0,0,0,0,0,0,0,0,0,0,0,0,0,0,0,0,0,0,0,0
6,143193,Viveros,CAP,Atacante,visitante,FLU,-0.2,0,1,0,5,1,0,3,0,0,0,0,0,0,0,0,0,0,0,0,0,0
6,143600,Kauã Moraes,CRU,Lateral,mandante,VAS,5.8,0,0,0,0,1,0,0,0,0,0,0,0,0,0,0,0,1,0,0,0,0
6,145404,Arthur,PAL,Lateral,mandante,MIR,7.0,0,0,1,0,0,0,1,1,0,0,0,0,0,0,0,0,0,0,0,0,0
6,145744,André,COR,Meia,visitante,SAN,2.2,0,0,1,1,0,0,2,0,0,0,0,0,0,0,0,0,0,0,0,0,0
6,147268,Anderson Pato,VIT,Atacante,mandante,CAM,1.5,0,0,1,0,0,0,0,0,0,0,0,0,0,0,0,0,0,0,0,0,0
6,148125,Ryan Augusto,RBB,Lateral,mandante,SAO,2.4,0,0,1,1,0,0,0,0,0,1,0,0,0,0,0,0,0,0,0,0,0
6,37457,Léo Condé,REM,Técnico,visitante,CFC,2.3,0,0,0,0,0,0,0,0,0,0,0,0,0,0,0,0,0,0,0,0,0
6,37656,Fábio,FLU,Goleiro,mandante,CAP,-1.5,0,0,0,0,0,0,1,0,0,0,0,0,2,0,0,0,0,0,0,0,0
6,39148,Hulk,CAM,Atacante,visitante,VIT,0.5,0,0,0,0,0,0,1,0,0,0,0,0,0,0,0,0,0,0,0,0,0
6,39656,Alan Franco,CAM,Meia,visitante,VIT,2.4,0,0,0,0,1,1,1,0,0,1,0,0,0,0,0,0,0,0,0,0,0
6,39850,Vagner Mancini,RBB,Técnico,mandante,SAO,3.25,0,0,0,0,0,0,0,0,0,0,0,0,0,0,0,0,0,0,0,0,0
6,40990,Dorival Júnior,COR,Técnico,visitante,SAN,4.45,0,0,0,0,0,0,0,0,0,0,0,0,0,0,0,0,0,0,0,0,0
6,41929,Renato Gaúcho,VAS,Técnico,visitante,CRU,4.83,0,0,0,0,0,0,0,0,0,0,0,0,0,0,0,0,0,0,0,0,0
6,42135,Willian,GRE,Meia,visitante,CHA,1.3,0,0,0,0,1,0,1,0,0,0,0,0,0,0,0,0,0,0,0,0,0
6,45125,Tite,CRU,Técnico,mandante,VAS,6.7,0,0,0,0,0,0,0,0,0,0,0,0,0,0,0,0,0,0,0,0,0
6,51413,Walter,MIR,Goleiro,visitante,PAL,2.9,0,0,0,0,0,0,0,0,0,0,0,3,1,0,0,0,0,0,0,0,0
6,61987,Alex Sandro,FLA,Lateral,visitante,BOT,11.2,0,0,4,1,0,0,1,1,0,0,0,0,0,0,0,0,0,0,0,0,0
6,62977,Ganso,FLU,Meia,mandante,CAP,0.0,0,0,0,0,0,0,0,0,0,0,0,0,0,0,0,0,0,0,0,0,0
6,63007,Neymar,SAN,Meia,mandante,COR,3.7,0,0,0,2,2,0,3,0,0,1,0,0,0,0,0,0,0,0,0,0,0
6,63289,Edenílson,BOT,Meia,mandante,FLA,-0.3,0,0,0,1,0,0,0,0,0,0,0,0,0,0,0,0,0,0,0,0,0
6,68685,Alan Patrick,INT,Meia,mandante,BAH,2.5,0,0,1,1,1,0,1,0,0,0,0,0,0,0,0,0,0,0,0,0,0
6,68920,Dudu,CAM,Atacante,visitante,VIT,0.5,0,0,0,0,0,0,1,0,0,0,0,0,0,0,0,0,0,0,0,0,0
6,68928,Rafael,SAO,Goleiro,visitante,RBB,1.6,0,0,0,0,0,0,0,0,0,0,0,2,1,0,0,0,0,0,0,0,0
6,68938,Giovanni Augusto,CHA,Meia,mandante,GRE,2.5,0,0,1,0,0,0,2,0,0,0,0,0,0,0,0,0,0,0,0,0,0
6,68952,Marinho,VIT,Atacante,mandante,CAM,0.0,0,0,0,0,0,0,0,0,0,0,0,0,0,0,0,0,0,0,0,0,0
6,68996,Willian José,BAH,Atacante,visitante,INT,7.4,0,0,0,2,0,0,0,0,1,0,0,0,0,0,0,0,0,0,0,0,0
6,69012,Santos,CAP,Goleiro,visitante,FLU,6.1,0,0,0,0,0,0,0,0,0,0,0,7,3,0,0,0,0,0,0,0,0
6,69140,Allan,BOT,Meia,mandante,FLA,2.9,0,1,3,2,0,0,0,0,0,0,0,0,0,0,0,0,0,0,0,0,0
6,69208,Gabriel Paulista,COR,Zagueiro,visitante,SAN,2.2,0,0,1,2,1,0,1,0,0,0,0,0,0,0,0,0,0,0,0,0,0
6,70164,Lucas Moura,SAO,Meia,visitante,RBB,1.6,0,0,0,2,0,0,2,0,0,1,0,0,0,0,0,0,0,0,0,0,0
6,70360,Eduardo Sasha,RBB,Atacante,mandante,SAO,0.0,0,0,0,0,0,0,0,0,0,0,0,0,0,0,0,0,0,0,0,0,0
6,70592,Felipe Anderson,PAL,Meia,mandante,MIR,1.7,0,0,0,0,0,0,1,0,0,1,0,0,0,0,0,0,0,0,0,0,0
6,70666,Marllon,REM,Zagueiro,visitante,CFC,0.5,0,1,0,1,1,0,2,0,0,0,0,0,0,0,0,0,0,0,0,0,0
6,70944,Bruno Henrique,INT,Meia,mandante,BAH,0.4,0,0,0,1,1,1,0,0,0,0,0,0,0,0,0,0,0,0,0,0,0
6,70958,Jean Carlos,CHA,Meia,mandante,GRE,2.0,0,0,1,0,0,0,1,0,0,0,0,0,0,0,0,0,0,0,0,0,0
6,71043,Léo Vieira,CHA,Goleiro,mandante,GRE,3.4,0,0,0,0,0,0,1,0,0,0,0,3,1,0,0,0,0,0,0,0,0
6,71227,Maicon,CFC,Zagueiro,mandante,REM,5.0,0,0,0,0,0,0,0,1,0,0,0,0,0,0,0,0,0,0,0,0,0
6,71536,Luiz Gustavo,CAP,Meia,visitante,FLU,11.9,0,1,3,2,0,0,2,0,1,0,0,0,0,0,0,0,0,0,0,0,0
6,71631,Weverton,GRE,Goleiro,visitante,CHA,-1.0,0,0,0,0,0,0,0,0,0,0,0,0,1,0,0,0,0,0,0,0,0
6,71684,Gustavo Gómez,PAL,Zagueiro,mandante,MIR,5.8,0,0,0,0,1,0,0,1,0,0,0,0,0,0,0,0,0,0,0,0,0
6,71898,Gabriel Pires,MIR,Meia,visitante,PAL,0.8,0,0,0,3,0,0,1,0,0,1,0,0,0,0,0,0,0,0,0,0,0
6,72294,Everson,CAM,Goleiro,visitante,VIT,0.6,0,0,0,0,0,0,0,0,0,0,0,2,2,0,0,0,0,0,0,0,0
6,72493,Alex Telles,BOT,Lateral,mandante,FLA,1.0,0,1,1,1,1,0,0,0,0,0,0,0,0,0,0,0,0,0,0,0,0
6,72951,Mercado,INT,Zagueiro,mandante,BAH,3.5,0,0,2,0,0,0,1,0,0,0,0,0,0,0,0,0,0,0,0,0,0
6,73384,Samuel Xavier,FLU,Lateral,mandante,CAP,4.8,0,0,2,0,1,0,2,0,0,0,0,0,0,0,0,0,0,0,0,0,0
6,73481,Gilmar Dal Pozzo,CHA,Técnico,mandante,GRE,3.85,0,0,0,0,0,0,0,0,0,0,0,0,0,0,0,0,0,0,0,0,0
6,77485,Carrillo,COR,Meia,visitante,SAN,3.3,0,0,3,4,0,0,0,0,0,0,0,0,0,0,0,0,0,0,0,0,0
6,78248,Gustavo Henrique,COR,Zagueiro,visitante,SAN,1.4,0,1,1,1,0,0,0,0,0,1,0,0,0,0,0,0,0,0,0,0,0
6,78478,Willian Arão,SAN,Meia,mandante,COR,1.7,0,0,1,1,0,0,1,0,0,0,0,0,0,0,0,0,0,0,0,0,0
6,78605,Gabriel,RBB,Meia,mandante,SAO,1.8,0,1,1,0,1,0,1,0,0,0,0,0,0,0,0,0,0,0,0,0,0
6,78850,Reinaldo,MIR,Lateral,visitante,PAL,-0.9,0,1,0,3,0,0,2,0,0,0,0,0,0,0,0,0,0,0,0,0,0
6,78855,Thiago Santos,CFC,Zagueiro,mandante,REM,5.0,0,0,0,0,0,0,0,1,0,0,0,0,0,0,0,0,0,0,0,0,0
6,79437,Roger Machado,SAO,Técnico,visitante,RBB,4.96,0,0,0,0,0,0,0,0,0,0,0,0,0,0,1,0,0,0,0,0,0
6,79701,Lucas Silva,CRU,Meia,mandante,VAS,1.5,0,0,1,0,0,0,0,0,0,0,0,0,0,0,0,0,0,0,0,0,0
6,80129,Jadson,CAP,Meia,visitante,FLU,1.2,0,1,1,1,0,0,2,0,0,0,0,0,0,0,0,0,0,0,0,0,0
6,80196,Yago Pikachu,REM,Meia,visitante,CFC,0.0,0,0,0,0,0,0,0,0,0,0,0,0,0,0,0,0,0,0,0,0,0
6,80287,Luciano,SAO,Atacante,visitante,RBB,1.2,0,1,1,1,0,0,2,0,0,0,0,0,0,0,0,0,0,0,0,0,0
6,81005,André Luis,MIR,Atacante,visitante,PAL,1.5,0,0,0,0,0,0,3,0,0,0,0,0,0,0,0,0,0,0,0,0,0
6,81952,Willian Oliveira,CFC,Meia,mandante,REM,2.7,0,0,2,1,0,0,0,0,0,0,0,0,0,0,0,0,0,0,0,0,0
6,82627,Luiz Araújo,FLA,Atacante,visitante,BOT,-0.3,0,0,0,1,0,0,0,0,0,0,0,0,0,0,0,0,0,0,0,0,0
6,82730,Marcelo Rangel,REM,Goleiro,visitante,CFC,1.6,0,0,0,0,0,0,0,0,0,0,0,2,1,0,0,0,0,0,0,0,0
6,82775,Lucas Ramon,SAO,Lateral,visitante,RBB,6.7,0,0,1,1,0,0,1,0,0,0,0,0,0,0,0,0,1,0,0,0,0
6,83257,Gabriel,SAN,Atacante,mandante,COR,9.4,0,0,1,0,0,1,0,0,1,0,0,0,0,0,0,0,0,0,0,0,0
6,83433,Patrick,REM,Meia,visitante,CFC,3.7,0,0,2,1,0,0,2,0,0,0,0,0,0,0,0,0,0,0,0,0,0
6,83528,Léo Pereira,FLA,Zagueiro,visitante,BOT,17.4,0,0,2,1,0,0,1,1,1,1,0,0,0,0,0,0,0,0,0,0,0
6,84042,Tiquinho Soares,MIR,Atacante,visitante,PAL,1.2,0,0,1,1,0,0,0,0,0,0,0,0,0,0,0,0,0,0,0,0,0
6,84339,Bruno Melo,CFC,Lateral,mandante,REM,8.0,0,0,2,0,0,0,0,1,0,0,0,0,0,0,0,0,0,0,0,0,0
6,84626,Josué,CFC,Meia,mandante,REM,1.2,0,0,1,1,0,0,0,0,0,0,0,0,0,0,0,0,0,0,0,0,0
6,84674,Lucas Evangelista,PAL,Meia,mandante,MIR,1.0,0,0,0,0,0,0,2,0,0,0,0,0,0,0,0,0,0,0,0,0,0
6,84735,Jorginho,FLA,Meia,visitante,BOT,4.0,0,1,3,0,0,0,1,0,0,0,0,0,0,0,0,0,0,0,0,0,0
6,84816,Varela,FLA,Lateral,visitante,BOT,9.9,0,0,0,0,0,1,0,1,0,0,0,0,0,0,0,0,1,0,0,0,0
6,84847,Luan Peres,SAN,Zagueiro,mandante,COR,-2.9,0,0,0,3,0,0,2,0,0,0,0,0,0,0,0,0,0,0,1,0,0
6,85048,Memphis Depay,COR,Atacante,visitante,SAN,9.3,0,0,0,0,1,0,1,0,1,0,0,0,0,0,0,0,0,0,0,0,0
6,85403,Danielzinho,SAO,Meia,visitante,RBB,5.5,0,0,0,0,0,0,1,0,0,0,0,0,0,0,0,0,1,0,0,0,0
6,86292,Bolasie,CHA,Atacante,mandante,GRE,0.9,0,1,0,3,1,0,2,0,0,0,1,0,0,0,0,0,0,0,0,0,0
6,86410,Victor Luis,MIR,Lateral,visitante,PAL,1.3,0,0,0,0,1,0,1,0,0,0,0,0,0,0,0,0,0,0,0,0,0
6,86686,Tchê Tchê,VAS,Meia,visitante,CRU,1.2,0,0,0,0,0,0,0,0,0,1,0,0,0,0,0,0,0,0,0,0,0
6,86859,José Welison,REM,Meia,visitante,CFC,0.0,0,0,0,0,0,0,0,0,0,0,0,0,0,0,0,0,0,0,0,0,0
6,87008,Léo Jardim,VAS,Goleiro,visitante,CRU,2.7,0,0,0,0,0,0,1,0,0,0,0,4,3,0,0,0,0,0,0,0,0
6,87228,Guilherme Arana,FLU,Lateral,mandante,CAP,9.1,0,1,1,2,0,0,0,0,1,1,0,0,0,0,0,0,0,0,0,0,0
6,87258,Soteldo,FLU,Atacante,mandante,CAP,0.8,0,0,0,0,1,0,0,0,0,0,0,0,0,0,0,0,0,0,0,0,0
6,87470,Thaciano,SAN,Meia,mandante,COR,0.0,0,0,0,0,0,0,0,0,0,0,0,0,0,0,0,0,0,0,0,0,0
6,87552,Vitor Bueno,REM,Meia,visitante,CFC,2.0,0,0,0,0,1,0,0,0,0,1,0,0,0,0,0,0,0,0,0,0,0
6,87742,Neto Moura,MIR,Meia,visitante,PAL,-1.6,0,1,0,2,0,0,0,0,0,0,0,0,0,0,0,0,0,0,0,0,0
6,87887,Balbuena,GRE,Zagueiro,visitante,CHA,-0.1,0,0,0,0,0,1,0,0,0,0,0,0,0,0,0,0,0,0,0,0,0
6,87999,Gustavo Scarpa,CAM,Meia,visitante,VIT,1.2,0,0,0,0,0,0,0,0,0,1,0,0,0,0,0,0,0,0,0,0,0
6,88037,Luís Castro,GRE,Técnico,visitante,CHA,2.15,0,0,0,0,0,0,0,0,0,0,0,0,0,0,0,0,0,0,0,0,0
6,88312,Junior Alonso,CAM,Zagueiro,visitante,VIT,2.7,0,0,2,1,0,0,0,0,0,0,0,0,0,0,0,0,0,0,0,0,0
6,88393,Ayrton Lucas,FLA,Lateral,visitante,BOT,5.9,0,0,1,2,0,0,0,1,0,0,0,0,0,0,0,0,0,0,0,0,0
6,88963,Leonardo Jardim,FLA,Técnico,visitante,BOT,11.41,0,0,0,0,0,0,0,0,0,0,0,0,0,0,1,0,0,0,0,0,0
6,89256,Gerson,CRU,Meia,mandante,VAS,2.2,0,1,1,0,0,0,1,0,0,1,0,0,0,0,0,0,0,0,0,0,0
6,89274,Andreas Pereira,PAL,Meia,mandante,MIR,0.0,0,0,0,0,0,0,0,0,0,0,0,0,0,0,0,0,0,0,0,0,0
6,89275,William,CRU,Lateral,mandante,VAS,5.7,0,0,3,0,0,0,0,0,0,1,0,0,0,0,0,0,0,0,0,0,0
6,89837,Lucho Acosta,FLU,Meia,mandante,CAP,6.3,0,0,2,0,2,0,1,0,0,1,0,0,0,0,0,0,0,0,0,0,0
6,89840,Calleri,SAO,Atacante,visitante,RBB,8.8,0,1,1,2,0,1,2,0,1,0,0,0,0,0,0,0,0,0,0,0,0
6,90031,Mendoza,CAP,Atacante,visitante,FLU,9.5,0,0,1,0,0,0,0,0,1,0,0,0,0,0,0,0,0,0,0,0,0
6,90302,Pedro Rocha,CFC,Atacante,mandante,REM,8.9,0,0,0,1,0,3,3,0,1,0,0,0,0,0,0,0,0,0,0,0,0
6,90309,David,VAS,Atacante,visitante,CRU,0.4,0,0,0,0,0,1,1,0,0,0,0,0,0,0,0,0,0,0,0,0,0
6,90588,Caíque,VIT,Meia,mandante,CAM,0.2,0,1,1,1,0,0,0,0,0,0,0,0,0,0,0,0,0,0,0,0,0
6,90608,Chico da Costa,CRU,Atacante,mandante,VAS,7.1,0,0,1,2,0,0,0,0,0,1,0,0,0,0,0,0,1,0,0,0,0
6,90703,Matheuzinho,VIT,Meia,mandante,CAM,1.8,0,0,0,0,1,0,2,0,0,0,0,0,0,0,0,0,0,0,0,0,0
6,90768,Fabrício Bruno,CRU,Zagueiro,mandante,VAS,1.3,0,0,0,1,2,0,0,0,0,0,0,0,0,0,0,0,0,0,0,0,0
6,90917,Carlos Eduardo,MIR,Atacante,visitante,PAL,0.5,0,0,0,0,0,0,1,0,0,0,0,0,0,0,0,0,0,0,0,0,0
6,91101,Ronaldo,BAH,Goleiro,visitante,INT,7.1,0,1,0,0,0,0,1,1,0,0,0,2,0,0,0,0,0,0,0,0,0
6,91473,Erick Pulgar,FLA,Meia,visitante,BOT,-0.1,0,1,1,2,0,0,0,0,0,0,0,0,0,0,0,0,0,0,0,0,0
6,91573,Arboleda,SAO,Zagueiro,visitante,RBB,0.0,0,0,0,0,0,0,0,0,0,0,0,0,0,0,0,0,0,0,0,0,0
6,91607,Rony,SAN,Atacante,mandante,COR,3.5,0,1,3,5,0,0,3,0,0,0,0,0,0,0,0,0,0,0,0,0,0
6,91866,Zé Ivaldo,SAN,Zagueiro,mandante,COR,3.2,0,0,1,0,0,0,1,0,0,1,0,0,0,0,0,0,0,0,0,0,0
6,91908,Pavón,GRE,Atacante,visitante,CHA,1.7,0,0,1,1,0,0,1,0,0,0,0,0,0,0,0,0,0,0,0,0,0
6,92171,Arthur Cabral,BOT,Atacante,mandante,FLA,0.7,0,0,0,2,1,0,1,0,0,0,0,0,0,0,0,0,0,0,0,0,0
6,92180,Jair Ventura,VIT,Técnico,mandante,CAM,8.4,0,0,0,0,0,0,0,0,0,0,0,0,0,0,1,0,0,0,0,0,0
6,92273,Odair Hellmann,CAP,Técnico,visitante,FLU,4.5,0,0,0,0,0,0,0,0,0,0,0,0,0,0,0,0,0,0,0,0,0
6,92696,Renato Kayzer,VIT,Atacante,mandante,CAM,6.9,0,0,0,3,0,2,0,0,1,0,0,0,0,0,0,0,0,0,0,0,0
6,92747,Eduardo Domínguez,CAM,Técnico,visitante,VIT,2.55,0,0,0,0,0,0,0,0,0,0,0,0,0,0,0,0,0,0,0,0,0
6,92854,Borré,INT,Atacante,mandante,BAH,2.1,0,0,1,2,1,1,1,0,0,0,0,0,0,0,0,0,0,0,0,0,0
6,92981,Ronaldo,INT,Meia,mandante,BAH,3.4,0,0,2,2,0,0,2,0,0,0,0,0,0,0,0,0,0,0,0,0,0
6,93478,Wanderson,CRU,Atacante,mandante,VAS,0.0,0,0,0,0,0,0,0,0,0,0,0,0,0,0,0,0,0,0,0,0,0
6,93716,Paulo Henrique,VAS,Lateral,visitante,CRU,0.6,0,0,0,2,0,0,0,0,0,1,0,0,0,0,0,0,0,0,0,0,0
6,93790,Marlon Freitas,PAL,Meia,mandante,MIR,1.5,0,0,1,4,0,0,0,0,0,1,0,0,0,0,0,0,0,0,0,0,0
6,93882,Cleiton,RBB,Goleiro,mandante,SAO,-0.7,0,0,0,0,0,0,0,0,0,0,0,1,2,0,0,0,0,0,0,0,0
6,93988,Breno Lopes,CFC,Atacante,mandante,REM,0.1,0,0,0,2,0,3,2,0,0,0,0,0,0,0,0,0,0,0,0,0,0
6,94067,Matheus Fernandes,RBB,Meia,mandante,SAO,3.8,0,0,2,0,1,0,0,0,0,0,0,0,0,0,0,0,0,0,0,0,0
6,94286,Perotti,CHA,Atacante,mandante,GRE,0.2,0,0,0,1,0,0,1,0,0,0,0,0,0,0,0,0,0,0,0,0,0
6,94583,Pedro,FLA,Atacante,visitante,BOT,11.8,0,0,1,0,1,0,3,0,1,0,0,0,0,0,0,0,0,0,0,0,0
6,94930,Lucas Paquetá,FLA,Meia,visitante,BOT,6.8,0,0,2,0,2,0,2,0,0,1,0,0,0,0,0,0,0,0,0,0,0
6,94968,Juninho Capixaba,RBB,Lateral,mandante,SAO,3.6,0,1,2,2,0,0,2,0,0,1,0,0,0,0,0,0,0,0,0,0,0
6,95332,Marcinho,CHA,Atacante,mandante,GRE,4.2,0,0,2,0,1,1,1,0,0,0,0,0,0,0,0,0,0,0,0,0,0
6,95362,Cassierra,CAM,Atacante,visitante,VIT,0.8,0,0,0,0,1,0,0,0,0,0,0,0,0,0,0,0,0,0,0,0,0
6,95555,Sávio,REM,Lateral,visitante,CFC,0.0,0,0,0,0,0,0,0,0,0,0,0,0,0,0,0,0,0,0,0,0,0
6,95556,Raniele,COR,Meia,visitante,SAN,4.2,0,0,2,1,0,0,3,0,0,0,0,0,0,0,0,0,0,0,0,0,0
6,95620,Bruno Leonardo,CHA,Zagueiro,mandante,GRE,1.5,0,0,1,0,0,0,0,0,0,0,0,0,0,0,0,0,0,0,0,0,0
6,96591,Renan Lodi,CAM,Lateral,visitante,VIT,7.6,0,0,5,3,0,0,2,0,0,0,0,0,0,0,0,0,0,0,0,0,0
6,96610,Matheus Pereira,CRU,Meia,mandante,VAS,2.3,0,1,0,2,3,0,3,0,0,0,0,0,0,0,0,0,0,0,0,0,0
6,96652,Allan,COR,Meia,visitante,SAN,0.0,0,0,0,0,0,0,0,0,0,0,0,0,0,0,0,0,0,0,0,0,0
6,96793,Camutanga,VIT,Zagueiro,mandante,CAM,5.0,0,0,0,0,0,0,0,1,0,0,0,0,0,0,0,0,0,0,0,0,0
6,97321,Alesson,MIR,Atacante,visitante,PAL,-0.3,0,0,0,1,0,0,0,0,0,0,0,0,0,0,0,0,0,0,0,0,0
6,97341,Rogério Ceni,BAH,Técnico,visitante,INT,6.0,0,0,0,0,0,0,0,0,0,0,0,0,0,0,1,0,0,0,0,0,0
6,97460,João Victor,MIR,Zagueiro,visitante,PAL,0.0,0,0,0,0,0,0,0,0,0,0,0,0,0,0,0,0,0,0,0,0,0
6,97520,Shaylon,MIR,Meia,visitante,PAL,-0.3,0,0,0,1,0,0,0,0,0,0,0,0,0,0,0,0,0,0,0,0,0
6,97795,Marcelinho,REM,Lateral,visitante,CFC,1.5,0,0,1,0,0,0,0,0,0,0,0,0,0,0,0,0,0,0,0,0,0
6,97810,Erick,VIT,Atacante,mandante,CAM,11.9,0,1,1,1,1,0,1,0,1,2,0,0,0,0,0,0,0,0,0,0,0
6,97867,Léo Ortiz,FLA,Zagueiro,visitante,BOT,8.2,0,0,2,1,0,0,1,1,0,0,0,0,0,0,0,0,0,0,0,0,0
6,97899,Matheus Bahia,INT,Lateral,mandante,BAH,1.7,0,0,1,1,0,0,1,0,0,0,0,0,0,0,0,0,0,0,0,0,0
6,97900,Vitão,FLA,Zagueiro,visitante,BOT,6.5,0,0,1,0,0,0,0,1,0,0,0,0,0,0,0,0,0,0,0,0,0
6,98022,Erick,BAH,Meia,visitante,INT,0.7,0,0,1,7,1,0,1,0,0,0,0,0,0,0,0,0,0,0,0,0,0
6,98224,Jáderson,REM,Meia,visitante,CFC,0.0,0,0,0,0,0,0,0,0,0,0,0,0,0,0,0,0,0,0,0,0,0
6,98225,Pedro Raul,COR,Atacante,visitante,SAN,0.0,0,0,0,0,0,0,0,0,0,0,0,0,0,0,0,0,0,0,0,0,0
6,98280,Bastos,BOT,Zagueiro,mandante,FLA,-0.1,0,0,0,2,0,0,1,0,0,0,0,0,0,0,0,0,0,0,0,0,0
6,98384,Negueba,MIR,Atacante,visitante,PAL,4.8,0,1,3,0,1,0,1,0,0,0,0,0,0,0,0,0,0,0,0,0,0
6,98517,Jean Lucas,BAH,Meia,visitante,INT,4.5,0,0,2,0,0,0,3,0,0,0,0,0,0,0,0,0,0,0,0,0,0
6,98672,Savarino,FLU,Meia,mandante,CAP,10.6,0,1,0,4,0,2,0,0,0,0,0,0,0,0,0,1,2,0,0,0,0
6,98873,Samuel Lino,FLA,Atacante,visitante,BOT,15.3,0,0,3,1,2,0,3,0,1,0,0,0,0,0,0,0,0,0,0,0,0
6,98909,Cuello,CAM,Atacante,visitante,VIT,1.1,0,0,0,1,0,1,3,0,0,0,0,0,0,0,0,0,0,0,0,0,0
6,99213,Puma Rodríguez,VAS,Lateral,visitante,CRU,5.8,0,0,0,0,1,0,0,0,0,0,0,0,0,0,0,0,1,0,0,0,0
6,99274,Alexander Barboza,BOT,Zagueiro,mandante,FLA,-3.1,0,1,1,2,0,0,0,0,0,0,0,0,0,0,0,0,0,0,1,0,0
6,99366,Luis Zubeldía,FLU,Técnico,mandante,CAP,7.25,0,0,0,0,0,0,0,0,0,0,0,0,0,0,1,0,0,0,0,0,0
6,99440,Baralhas,VIT,Meia,mandante,CAM,12.5,0,0,4,2,2,0,1,0,0,0,0,0,0,0,0,0,1,0,0,0,0
6,99552,Rossi,FLA,Goleiro,visitante,BOT,6.8,0,0,0,0,0,0,1,1,0,0,0,1,0,0,0,0,0,0,0,0,0
6,99789,Brenner,VAS,Atacante,visitante,CRU,8.0,0,1,0,0,0,0,2,0,1,0,0,0,0,0,0,0,0,0,0,0,0
6,99815,Arias,PAL,Meia,mandante,MIR,6.4,0,0,3,1,0,0,2,0,0,1,0,0,0,0,0,0,0,0,0,0,0
6,99889,Alan Franco,SAO,Zagueiro,visitante,RBB,0.0,0,0,0,0,0,0,0,0,0,0,0,0,0,0,0,0,0,0,0,0,0
